id	file_name
3918b8a1-e2d2-4ecc-97ea-a8ad81474088	TCGA-AA-3966-01Z-00-DX1.7bc0c76e-f2d9-4abd-b63c-dad01aa4b1f7.svs
e7bc1f07-535d-43bf-bd77-75132173ed60	TCGA-AA-3966-01A-01-TS1.129a34e4-6770-4f97-b47a-8a5e27c04007.svs
7c1788fc-daa0-40c8-91e9-002795f917ee	TCGA-AA-3966-01A-01-BS1.6238c7ab-0ae6-43da-af73-2db2d2c98b1b.svs
f2ced6c8-9c9e-4356-a550-0609d2c7ebac	TCGA-AA-3973-01A-01-TS1.75ad0c80-1431-4438-b6e7-6e02c547217e.svs
4c73e391-7f84-46ed-bc2a-ec0f771d0e73	TCGA-AA-3973-01A-01-BS1.a7fedbf4-9afa-44af-aeb5-ff949a13fc2b.svs
79aa3803-9a5f-4589-942c-156b3fd2a62c	TCGA-AA-3973-01Z-00-DX1.05cee752-3f4e-442d-a093-dcfb2b6130f0.svs
d6d7d7ef-f19a-4a0d-8d4f-e6156abdd91e	TCGA-AA-3673-01A-01-TS1.777ea746-5759-45fb-8f4c-01775b41de03.svs
dc246a31-9d41-47a5-8fd1-27401081b7cd	TCGA-AA-3673-01Z-00-DX1.a80676fa-5481-4b63-9639-dbeb31ae82d8.svs
5ecc9c7c-c6c9-439c-b2ba-56acea6cc7fd	TCGA-AA-3673-01A-01-BS1.23a5afa1-7e1d-4c33-826f-938cdc6fd053.svs
45459dcb-37aa-4a6b-980f-0bfafde816dd	TCGA-AA-3538-01A-01-BS1.d16d0717-b87d-43c7-9bdd-65c210b541b8.svs
28e762db-6793-4d92-926f-cb7a755d7439	TCGA-AA-3538-01A-01-TS1.f4f86337-a2db-473d-9421-6c7857cc8be9.svs
2fd860a1-534f-49f7-8169-ece8748480ac	TCGA-AA-3538-01Z-00-DX1.60d0b039-25d6-4b71-a36f-5b2764a983ef.svs
041aa829-b767-4857-a5fa-d66a730fc04c	TCGA-AA-3994-01A-01-BS1.241dc7e2-c505-4844-9e22-0bf5bc74f3d3.svs
89350718-df8f-4620-b45b-724774385f97	TCGA-AA-3994-01A-01-TS1.b70c5afe-b56c-4756-87d3-5b065c10b05b.svs
9b44570d-51dd-4cc4-8ec5-37ede80aca31	TCGA-AA-3994-01Z-00-DX1.ca18c0cb-88b4-4a31-be1f-cca57dfadabc.svs
7bd3167c-fe4b-48ca-b02e-c94e1ebeab20	TCGA-AA-3555-01Z-00-DX1.d471efa5-7638-43e7-a2cd-93c1aed135d0.svs
de88ed26-9fcc-4ec3-a236-71ff71c04168	TCGA-AA-3555-01A-01-BS1.93643572-29c1-42a4-abbf-99dc4a3015a9.svs
7c107cf5-9594-41af-a0a4-aad29f139970	TCGA-AA-3555-01A-01-TS1.02e3b1f8-3dd3-49d9-b95b-cd399178f358.svs
8913ae86-7ed4-4271-b0b6-df936abf0d28	TCGA-AA-3949-01A-01-TS1.a37713f6-3e22-46db-a59f-0c6335c7588b.svs
e235a64a-1b32-4c07-b70c-fa69e892842b	TCGA-AA-3949-01A-01-BS1.97d715e9-87ea-489c-813f-6aa19a6bf1ca.svs
0e720a10-f234-41ae-b885-dc32e86778db	TCGA-AA-3949-01Z-00-DX1.23748e80-0d7e-4238-8b29-f74cddae8596.svs
f0c20f0d-e277-4b57-b896-125b04329098	TCGA-A6-2672-01A-01-BS1.aab0019c-99f1-4580-9b12-b5b81e4e8346.svs
0ec3fb59-63cf-4691-be46-15d2a39c8498	TCGA-A6-2672-01A-01-TS1.cc5bfe43-6b11-4014-b091-de0c344bf466.svs
b6f6d995-1a55-4161-b5be-1dfb5f727f6e	TCGA-A6-2672-11A-01-TS1.97b971ff-0048-46cc-8558-3a2471addba4.svs
39a4f424-780f-44fe-8d60-1e2ffe8ce6c6	TCGA-A6-2672-01Z-00-DX1.e2a845c8-6d77-4120-9f43-abec84a66c1c.svs
eb1f4479-4ccd-4c68-a6a6-e7ff39791eff	TCGA-AA-A00J-01A-03-BS3.6420ca20-aeaa-4ce2-b760-ad2934bbb0c2.svs
dc896a7f-aefd-4885-8123-0fa5fcff67ab	TCGA-AA-A00J-01A-02-BS2.326a55cb-013a-43c9-b0cc-943126d767a7.svs
70723489-5d96-43fb-8ecd-bde16dd808fb	TCGA-AA-A00J-01A-01-BS1.1ef4e828-31d8-4583-9543-3e13a810a844.svs
df3708ed-f6bd-464a-9717-360ab5877e10	TCGA-AA-A00J-01Z-00-DX1.BA85D337-6687-44A6-A8DD-0CE889134BA0.svs
be4a7c36-1e7c-4d64-81f5-05493b3dbd58	TCGA-AA-A01R-11A-01-BS1.5b7f1278-00fb-4711-b7c0-3cb97c1ce757.svs
1f561a7c-8794-4518-a7d4-7ac071809834	TCGA-AA-A01R-11A-01-TS1.469855f3-03d6-437d-8929-9ee95bca04a5.svs
0ebd7fc3-bd6b-408a-b83a-31bc22aab893	TCGA-AA-A01R-01A-01-BS1.b54aed01-30f8-451b-b0cf-0dda6e7991e3.svs
a94b1d5d-192c-4487-8a44-a4521228c58e	TCGA-AA-A01R-01A-02-BS2.3a3e09cf-5585-431e-ae27-1d5918f8ffdd.svs
87c3fcd8-8a5c-4797-9dc3-193077082874	TCGA-AA-A01R-01Z-00-DX1.5D2BEC13-8F61-49D4-A96E-4C6C44BD5A38.svs
b8e25c65-06e3-4dc7-8b8c-7a0dad244425	TCGA-AA-3542-01Z-00-DX1.db284d9a-bde5-471c-ac37-5f3216d0f077.svs
677f090e-d6b7-4e5b-8e2c-953ad9416b56	TCGA-AA-3542-01A-02-BS2.ff91df36-3ecf-496c-9b0a-28e2441487d5.svs
063bd28a-1c95-4a04-a932-5a576c9ca1aa	TCGA-AA-3542-01A-01-BS1.036706b0-ec86-4463-96c1-465ffd782cd4.svs
9c332a81-78c5-4c17-a409-da818aa4e42c	TCGA-A6-4107-01A-01-BS1.f013882e-43a8-4e50-971c-3378948734cd.svs
bbf9083c-a7e5-4940-a412-8fe1ead9038f	TCGA-A6-4107-11A-01-BS1.223d0fcb-704e-4933-8cf7-43dacc604917.svs
c66b87bb-49d8-40dc-88ca-a24347af69f9	TCGA-A6-4107-11A-01-TS1.8425e9ee-5910-48cd-aeb4-430e0401ce73.svs
d467f892-035c-4906-abea-c6143c8f8434	TCGA-A6-4107-01Z-00-DX1.89bf3dd5-72a6-49cc-9857-df2c36884029.svs
9baa25bd-c9d1-4280-bc17-43b90fafd4e0	TCGA-A6-4107-01A-02-BS2.80fb73f0-4029-4aa2-91ac-dd35b540e59d.svs
33a4ddef-d89c-4a9d-822d-33d3cf9527e4	TCGA-AA-3845-01Z-00-DX1.20682536-a009-4184-a40b-cb889f37ad32.svs
f1c6091c-3e04-4e67-86d4-e61d8f3f9591	TCGA-AA-3845-01A-01-TS1.ad87b013-8e1a-4a30-92da-e85a39db27b1.svs
6b4b5523-190b-4033-8b99-ebfc679916d9	TCGA-AA-3845-01A-01-BS1.e890d173-5019-460c-b86a-5311276b96b6.svs
9d0ac4ac-d488-4162-8d1b-9d8287d0fe52	TCGA-AA-3980-01Z-00-DX1.93383cb9-59a7-431d-b268-3c3d59a1120e.svs
aa4bc96c-a838-414a-a8b7-56e99027f727	TCGA-AA-3980-01A-02-BS2.32b1615a-f662-47c5-a3f1-5903f23d6610.svs
48ac9e33-0354-4d5f-85fe-502471d8fe01	TCGA-AA-3980-01A-01-BS1.5bd127a6-e264-4b2f-8e17-5f3860cdb858.svs
b5e35b69-16d3-4c1b-8223-2545b6be6fb7	TCGA-AA-3955-01A-02-BS2.8986a2d6-554e-4820-97f7-8b41cc16a2cb.svs
b2fffef0-e0c0-4eea-888f-79ac63199e5e	TCGA-AA-3955-01A-01-BS1.390db0f7-4155-452f-b8ce-04f1b02f43c7.svs
37d511f7-036f-4750-b40e-8ef00a8ecfde	TCGA-AA-3955-01Z-00-DX1.e0eea910-db79-4797-b9db-bb8bfe35306d.svs
a8570f5b-0c51-42bc-9123-f040d5e99d71	TCGA-AA-3679-01A-02-BS2.e04adadb-daf5-437e-a59e-ea6b90a9b3b5.svs
53772800-a81b-4652-a891-6a9898de8283	TCGA-AA-3679-01Z-00-DX1.b3445f8e-b143-4f24-9edd-8abdcb6b139b.svs
f0103890-058c-4473-8d06-a792c5da89c8	TCGA-AA-3679-01A-01-BS1.e4618e62-971f-4914-8e56-94598518ee95.svs
5e328022-a0df-482b-af7f-73eb60877296	TCGA-AA-3856-01A-01-TS1.6477dda3-4021-4629-bd1d-23eee31aea87.svs
09c664da-4544-4b77-b76c-6c012260e046	TCGA-AA-3856-01A-01-BS1.88bb35b2-eae4-4e27-823d-641e10779f22.svs
98b7c182-b122-429c-af4f-45be155b56f8	TCGA-AA-3856-01Z-00-DX1.973974e7-fcfe-4866-bc0c-50645c6c304b.svs
75689647-c068-4d5a-bd1e-fc984cbf71a3	TCGA-AA-A004-01Z-00-DX1.2576461E-7FA3-4CC6-8CC3-58D8E88CE04D.svs
bccfc0fe-ee16-4ee4-be2a-c9bc49c5ef29	TCGA-AA-A004-01A-01-TS1.85cfa74a-705e-438d-a1a4-c0cfbb480f77.svs
796241f5-99e7-4d84-8965-8af2c9b3d920	TCGA-AA-A004-01A-01-MS1.8926906e-f0ea-42d7-b71b-32c5f1f56405.svs
6de522a3-d303-4eb2-8509-94b2b81e0718	TCGA-A6-3808-01A-01-TS1.8adee59d-c5c0-4eb0-a84b-583a382bbc42.svs
e43b2ee3-4b58-4fb1-ab9d-ea4a5739e941	TCGA-A6-3808-11A-01-TS1.de8d5f36-febb-43d5-8f5c-9bc3842e53ff.svs
853bcd1f-0498-4b5c-a0d2-ece8a662c002	TCGA-A6-3808-11A-01-BS1.2874c8d9-010e-4205-a198-23363209be1f.svs
91153f1f-df01-4871-9332-4bf23c1661e0	TCGA-A6-3808-01A-01-BS1.a505f76a-30fb-4de8-8cbd-d8c11036afb3.svs
ce9a87a9-c6e2-43b3-949f-1c6c2922523e	TCGA-A6-3808-01Z-00-DX1.2b5a7ba3-133c-48be-87c6-199c4af208a0.svs
9088ba3c-df7a-473d-a223-7100618640c0	TCGA-AA-3514-01A-02-BS2.40fe9da9-c933-4910-a2d9-06a683181d0c.svs
bb1e244b-3b42-488c-a172-746b6f12539f	TCGA-AA-3514-11A-01-TS1.161c942b-dd3a-402b-8a92-8e66516e102d.svs
8544b422-e4b8-4db0-b2e2-c2a55e286eb8	TCGA-AA-3514-01A-01-BS1.6ba3cd6f-4d50-40c7-b81d-f8c420e17597.svs
567492c8-a39d-4a87-a569-b1a6537a1815	TCGA-AA-3514-01Z-00-DX1.9e135da2-436e-47e3-9dbf-b2f577677828.svs
50d991b3-c366-4c42-9b02-c713635a2d9a	TCGA-AA-3710-01A-01-TS1.e9c5b22d-1218-45f2-9dab-14d6b8d6a7f4.svs
37caea39-ddb3-434c-90e7-5d622bfaa1f0	TCGA-AA-3710-01A-01-BS1.65a87a45-85e9-405e-860f-e6199c8560ab.svs
7bc0aeaa-e051-48fa-9d7e-afd6838713e3	TCGA-AA-3710-01Z-00-DX1.78082263-b7e9-4281-aa55-2da5f80e4499.svs
bb860990-f9de-41cb-8e51-4a28f26aad61	TCGA-AA-3947-01Z-00-DX1.77005e19-8a8e-4b82-89e9-c81af9b41193.svs
b4e0641a-de19-4440-ac83-e736bff8398b	TCGA-AA-3947-01A-01-TS1.2fdc4bfa-366a-4325-af0b-35cd50fb6d0c.svs
6aad2fec-2606-4d3e-869f-254bc6c220d4	TCGA-AA-3947-01A-01-BS1.db1e4da6-0e10-49b8-a02f-92a4c847f826.svs
14d94f15-92f4-46ae-9510-3ecf00fa0358	TCGA-AA-A02W-01A-01-TS1.e03ea10c-f379-413d-a5b9-c37dab9ec896.svs
f60984ad-aef4-454d-acc2-28886772f55b	TCGA-AA-A02W-01Z-00-DX1.3D9DD408-C389-411D-B4AC-6DC531D35BAD.svs
281cccea-9f2f-4439-a242-4bf3531b217d	TCGA-AA-A02W-01A-01-BS1.dfde4d54-8888-417e-b932-359abfcf0bfd.svs
01133468-fb29-474e-9de9-456001ed1f1f	TCGA-AA-3684-01A-02-BS2.d0175239-f329-49cf-a79b-a8416acaa0f9.svs
02c1ae83-ba51-4fc1-bf71-18e9806a2812	TCGA-AA-3684-01A-01-BS1.2721c431-ad34-4ef1-953c-2b92ccac8cf0.svs
aaab8c27-dbc8-4221-9b14-97834e3b756f	TCGA-AA-3684-01Z-00-DX1.c6be6ea4-fa92-4499-b458-85c3a8b1e3b6.svs
feef6596-c248-49e3-8219-0cc8efb901bc	TCGA-AA-3846-01A-01-TS1.971293f6-99c1-41f7-a268-106c9500ffb4.svs
c4be8b54-ef73-4670-bf94-c6db34d33003	TCGA-AA-3846-01A-01-BS1.f7825470-fb40-4a47-924f-fb6a83cab229.svs
565a064e-24e6-4981-b6d0-03e15fff255d	TCGA-AA-3846-01Z-00-DX1.d6233d91-4d33-424a-99c1-8173fbeb5090.svs
dbb0df44-0c4c-4d04-808f-b53d99a01312	TCGA-A6-2674-01B-03-BS3.881F359F-A96C-48E5-A89A-9DC1EFC15A6F.svs
16088757-3a11-448f-8746-889b3ea63d6a	TCGA-A6-2674-01A-02-BS2.9677c59e-49bb-4ec1-a92b-a8277d4e129d.svs
0acc3fcf-1209-4824-8d25-e4d0c0f2ac1b	TCGA-A6-2674-01Z-00-DX1.d301f1f5-6f4a-49e6-9c93-f4e8b7f616b8.svs
ddf3b436-0639-442a-8241-82409f5c82c7	TCGA-A6-2674-11A-01-TS1.9fdaacfa-6ff3-43b9-81d3-3277f6686fb2.svs
b94c13e3-3374-4d5f-9fb4-fd5cbf72a69e	TCGA-A6-2674-01B-04-BS4.3BB89027-F2F7-4A56-AEBF-FD18D63FA9FE.svs
8177ef54-daf1-4ce8-9150-96c70bd8f4e2	TCGA-A6-2674-01A-01-BS1.b914ab0f-87d7-4432-ab59-4907c7144355.svs
20ac6c00-481e-408d-a31b-3c7ccaa4400b	TCGA-AA-A01T-01A-02-BS2.d1b3676f-ce82-496d-b0b1-198c09819b96.svs
66b02c1f-10dc-4652-8d66-349ae934a42b	TCGA-AA-A01T-11A-01-TS1.9c3b7ea7-400b-4b2d-9bd5-6f045abc4077.svs
128f36a1-0433-4533-87c3-743f13a586fe	TCGA-AA-A01T-01Z-00-DX1.0C795296-87D6-4B90-9363-CF5CD7A2924D.svs
f6b77cf3-1a12-4e5a-a210-89a59b837bc1	TCGA-AA-A01T-11A-01-BS1.182a7c9a-9d5d-4268-a88c-e1779ab5293f.svs
7eaf6865-f867-4108-822c-1e9ee6449d6b	TCGA-AA-A01T-01A-01-BS1.ecea1ae6-b827-4b0f-8731-57486e66b5c8.svs
5b2fe2b4-81fe-432b-ad17-54ed0f429e20	TCGA-AA-3667-01A-01-BS1.ff761eb9-b6af-4a51-92aa-fb5c014f061d.svs
e5e1e4a8-c402-4d4a-af8b-9fa4098107a3	TCGA-AA-3667-01A-01-TS1.d5e431cf-e900-4263-a035-9d177e693f2a.svs
5fa14139-2603-4f30-a508-ec94432dc9e6	TCGA-AA-3667-01Z-00-DX1.28dc3612-1c43-4727-a134-698cc4315dc3.svs
ab4506f1-209d-4430-9f2d-27ebc0dc9ba4	TCGA-AA-3664-01A-01-TS1.55511d37-6872-48a1-9a38-728cedc6ff8f.svs
08ef38c6-068b-420d-b629-d7778492c0a9	TCGA-AA-3664-01Z-00-DX1.bd07e7ef-0acb-43d8-a4f6-15b3442d2ed5.svs
ddc76516-97e6-4b97-83f9-234bae5c95aa	TCGA-AA-3664-01A-01-BS1.e4c03804-7edc-4512-b503-b49f6b461bf2.svs
6c68cc34-59ba-40f8-939d-5311b5df9cb8	TCGA-AA-3666-01A-01-BS1.d188348a-8f7b-4a30-9fa9-95606b1d4c15.svs
08394df9-88cd-4f1d-baec-d41bcfd1e067	TCGA-AA-3666-01A-02-BS2.2229e92d-3a3e-4b10-a33b-1b236177c741.svs
adfeb295-e16d-4d70-a2d4-77537f553ade	TCGA-AA-3666-01Z-00-DX1.fe976853-fbde-46e8-b915-3c98440c9315.svs
b2ea54de-6a58-46c3-a9fd-00b7afc4e448	TCGA-AA-3930-01A-01-TS1.c8f2cf6b-4f87-4dba-bb36-9fbc7b78d06c.svs
cae38e3c-38b7-40ef-9a59-2a60c5aeb1c0	TCGA-AA-3930-01Z-00-DX1.065c480c-9ac3-4d98-a351-cb320b6a5ba0.svs
cad22af0-c6cc-4ea6-8676-c932d09a0097	TCGA-AA-3930-01A-01-BS1.0bad3a47-f8c0-4d16-940b-f5884a865ea9.svs
9b2682d1-8ca7-41f7-8a53-0448f0c45527	TCGA-AZ-4308-01A-01-TS1.b3a2bd19-d256-4502-93f2-768b057d18ef.svs
f6c772bc-2678-4808-9821-0cd9405b868b	TCGA-AZ-4308-01Z-00-DX1.804e054d-e206-4b34-a992-86317ef515d9.svs
7342dc05-599f-40b6-9d46-ee8181ecbb95	TCGA-AZ-4308-01A-01-BS1.e36c2981-7369-44ef-abe3-fc36091415b1.svs
bf72f0f2-42b4-4872-817f-95b7b66268cf	TCGA-AA-3855-01A-01-BS1.1220f34f-e719-4ca8-95a6-1f6e79e65f2b.svs
32700c71-80dd-4581-9224-4e7b40b9266e	TCGA-AA-3855-01A-01-TS1.27ee96ac-5833-4373-b5e0-58717546ba54.svs
6fcd943f-d10f-460b-8f28-7ce08818acff	TCGA-AA-3855-01Z-00-DX1.f305ce6c-e87c-4e68-b31e-2e6e8b52606f.svs
ecb1e14b-5dcf-4fdd-b901-716493f35820	TCGA-AA-3956-01A-01-BS1.b31b68b4-d742-494b-9703-68242e98603d.svs
be20a337-3f8d-427b-91bc-94bcaa5c60eb	TCGA-AA-3956-01A-02-BS2.5d2bf25e-a4ca-481d-be55-fb1022e2017a.svs
7c653c1e-b9ea-41db-a4d0-8d409769e22b	TCGA-AA-3956-01Z-00-DX1.9438cc23-9537-424c-9a70-852919548387.svs
754bec03-2e61-4652-b373-3e1f66001809	TCGA-AA-3877-01Z-00-DX1.36902310-bc0b-4437-9f86-6df85703e0ad.svs
435647a5-58f6-44ca-872f-e2f4adfd33dd	TCGA-AA-3877-01A-01-TS1.60037e45-e0b4-416c-a483-71558aec3ae4.svs
1579826b-2713-4a05-aa4c-a54846e97a84	TCGA-AA-3877-01A-01-BS1.4c560d4b-e341-4859-a934-de08423a948c.svs
c471b932-b3ef-428c-8349-abff0a6d375a	TCGA-AA-A02J-01Z-00-DX1.1326204B-9264-482C-9F75-795DD085C0DF.svs
8a42fa38-0313-44e6-8ade-b34a1cc8556a	TCGA-AA-A02J-01A-01-BS1.da35cef8-3692-4ef4-b0f1-447cd0f9e667.svs
6d3b10fa-e71a-4e06-88d3-4ff123df5265	TCGA-AA-A02J-01A-01-TS1.90040401-683d-4bc6-a1fb-a6f860835460.svs
fd2e39ee-04e8-43cf-aaa1-76f6a8413f4a	TCGA-AA-A02J-01A-02-BS2.7423a6db-fd83-4b86-9488-6eb6109b3fe8.svs
a7a52fb9-3775-4211-9d9d-6506f9db54f4	TCGA-AA-A00O-01Z-00-DX1.6787693F-6E3E-479A-A4DE-44186659285F.svs
a679d695-0e30-4acc-b571-43ff77354c0d	TCGA-AA-A00O-01A-01-BS1.2afa8362-ea16-4a70-a837-99cea5c1d4ea.svs
85e10f64-77b9-48b5-ba3f-5ee56bb3042c	TCGA-AA-A00O-01A-01-MS1.56c46ab6-d023-4ad5-8b58-a55f95d71d2d.svs
ffae41d2-1c05-42d6-b9a1-c8947664dfdb	TCGA-AA-A00O-01A-02-BS2.4f9e5c2d-238b-43a0-a39a-67167b912169.svs
a370a532-0169-429d-9c60-cb853954e6d3	TCGA-AA-A010-01A-05-TS5.6c3ea307-3ea0-4d38-b0f3-a46e3f7d01a8.svs
1ad4bf2a-8d0e-4faa-83a5-09af35900502	TCGA-AA-A010-01A-01-MS1.cc02529c-9f7b-4a2f-82d2-7f1fdb37014f.svs
5f9efb30-3520-4b4f-bd93-4608c1c2951b	TCGA-AA-A010-01A-05-BS5.6a9e0bb7-8041-4459-a6d5-2bc223c51215.svs
ca97b61f-6cd6-4439-96ba-009841691943	TCGA-AA-A010-01Z-00-DX1.AA174B84-1EF2-47EA-85A6-516B3328325D.svs
4b9b7066-1c3e-48f1-a23d-6e76487b4c45	TCGA-AA-A010-01A-01-TS1.5ff41017-6bc9-4514-a63a-d66c30a3aea6.svs
26907f33-79cf-4322-b79b-a0ae1b14ae42	TCGA-AA-3519-01A-02-BS2.cca0f150-ac26-4e91-b8fa-db1070b7cd9b.svs
a7aa17d3-4cc1-4547-9da8-7106c45b148b	TCGA-AA-3519-01Z-00-DX1.82e03504-31d8-43d5-8d3f-01d9016af0fe.svs
a027aadc-e3b8-436c-bac5-06043e7edd02	TCGA-AA-3519-01A-01-BS1.e4561839-ec60-4f2a-9375-68e2696e71c8.svs
96f96a04-09c8-410a-92fa-410667d17772	TCGA-AA-3519-11A-01-TS1.b30dad08-e97e-4ffc-955a-6d3a58a32970.svs
e2062ffb-3fbf-4107-bae1-29734471494b	TCGA-AA-A01V-01A-01-BS1.8ac73c9a-b78c-4c02-95e2-6077a0d70711.svs
b09edeb1-97c5-4843-bc67-5afc264c6426	TCGA-AA-A01V-11A-01-BS1.afbf5de1-e358-4bb4-bbac-72e5ed594e76.svs
6b0a8f64-cd57-4b3a-8842-cfe975fcbff9	TCGA-AA-A01V-01A-02-BS2.e2c69097-9c6e-433a-926f-fa71dc9213f3.svs
38d409ab-73c7-4c38-91bc-e86ee83a404c	TCGA-AA-A01V-01Z-00-DX1.1AC200C2-F577-421D-B91F-F0A7251C3D90.svs
d2c4ba78-0ba9-477a-b445-822a88744193	TCGA-AA-A01V-11A-01-TS1.e19f0776-2ee6-4fea-8dee-0f007c061048.svs
3d9f25a1-7083-4e67-a304-0c5fa1cbab94	TCGA-AA-A00K-01A-01-BS1.cf79a80b-73be-4997-993f-9446f031df90.svs
97d5443f-9bcd-4ae9-96a1-68d76d2ecb68	TCGA-AA-A00K-01Z-00-DX1.25BD5724-7D30-4885-A3F9-D94FAED92984.svs
07f4b5a2-6e22-4b0f-ba7a-433171a3f356	TCGA-AA-A00K-01A-02-BS2.ba93c3f0-ba7e-4809-ab8c-9c4debe69324.svs
45d3b99c-6fe5-4167-bb01-fa46177683e2	TCGA-A6-2679-11A-01-TS1.da669be7-3686-48dd-a569-0634d631b543.svs
7ef2a641-5cec-4743-a2a5-4416268f09fe	TCGA-A6-2679-01Z-00-DX1.8df66ef4-d9e5-41db-836d-f0afe46d6b5a.svs
9ae9e6cb-5da2-4162-a8c8-2e08af79cedf	TCGA-A6-2679-01A-01-BS1.2a184efa-dbdc-4a1e-8a5a-aa761f4aa848.svs
b60e26de-e3b2-41f6-9424-a77cd5702162	TCGA-A6-2679-01A-02-BS2.f34d3f79-d036-468e-a488-20be2d61073a.svs
e072489e-6ab2-4b02-83aa-e10e35ff1378	TCGA-AA-A00A-01A-01-BS1.53aa013a-3fed-4356-9932-1d859af4fc84.svs
d6b5797e-c722-4db4-a0a4-114e79122c29	TCGA-AA-A00A-01A-01-TS1.99d7d96b-1275-44ab-b4de-f82224f6e552.svs
395f7bb8-037f-4126-98a9-2f48442d0606	TCGA-AA-A00A-01Z-00-DX1.B51DF257-6110-404C-9B20-A3C3453788F6.svs
bdcdd796-c560-4122-aeb2-887ce631dc4c	TCGA-AA-A00E-01A-01-TS1.1a04af98-5224-46aa-9112-4babc48ac3e8.svs
eb20ec10-f85b-4736-a216-77218d9fc446	TCGA-AA-A00E-01A-01-BS1.2a5c1ce7-c681-4bbe-8253-40c10fb6638c.svs
4750c7b9-15c5-41c8-91cf-127b1cfbc78c	TCGA-AA-A00E-01Z-00-DX1.ABFCAF2D-287A-445F-9F32-BD00D1B385C3.svs
ae3fe372-c84a-40af-aa78-71004e45e951	TCGA-AA-A01F-01Z-00-DX1.A09E4A5B-1DD2-472C-B387-91803FEE514A.svs
8a3ec87e-63b2-4edb-b647-2dc5a36819c1	TCGA-AA-A01F-01A-01-BS1.0b120cfc-c7c4-4264-9eec-259210e5f71d.svs
8b0d3004-ae9c-4bf9-b2e4-f3f111870447	TCGA-AA-A01F-01A-02-BS2.d85deeec-0f9d-4bb2-ad32-b84a46b48569.svs
e9f51ddb-4357-49ab-9171-c75c309d2bd2	TCGA-AA-A01F-01A-01-TS1.275106f7-ae4a-4195-a878-8fd002c5209b.svs
c4d2c58a-4de5-452b-907b-40a61972aa59	TCGA-AA-3851-01Z-00-DX1.cefbb22e-6b16-41b2-b732-452bf2efe425.svs
211bf145-cd98-41ff-9226-505b8fb989d2	TCGA-AA-3851-01A-01-TS1.d1db2d9d-8422-48d0-87ac-6470b546cb4c.svs
9284498b-7679-460b-9927-94462627919b	TCGA-AA-3851-01A-01-BS1.48b72f94-ec1e-4591-a638-86306e4db32f.svs
5aa1b035-0a9e-4245-abba-2ad841f6955a	TCGA-AA-3548-01Z-00-DX1.41949ab5-79f2-4729-9d54-c0fca1daf124.svs
9164b07a-19c6-4035-a41c-133db0a9a373	TCGA-AA-3548-01A-01-TS1.940a3226-aa45-4035-807a-e93134c38ebe.svs
16e6b8c5-5cf6-49a3-a2ff-8cca4411f28c	TCGA-AA-3548-01A-01-BS1.f7225d56-cd66-4e64-bce9-10c01980da7c.svs
1089d7ed-2b5c-47bb-9b84-d14df9f3ec05	TCGA-AA-3977-01A-01-TS1.a2e2acea-64de-40e7-88b1-f0aafa63ac71.svs
fc398eda-5898-4e96-9140-b90bd581fbf9	TCGA-AA-3977-01A-01-BS1.47013e2c-8cde-496e-9323-a26ac5b6e46d.svs
176f2cac-68c9-42fd-bc5f-7d096ecdd069	TCGA-AA-3977-01Z-00-DX1.08ffa326-08fd-4215-9bf7-81fcf33b4f5a.svs
a672147f-7d09-46d0-8733-318fba31f6b5	TCGA-AA-A02E-01A-01-BS1.e67a8f65-c8c5-4430-8c45-b1810f819154.svs
a21e94fe-fce0-4919-9873-cdcdba6b7e53	TCGA-AA-A02E-01A-02-BS2.8b4e58b7-0211-45f2-b4c9-3569f15298b2.svs
9ab7837c-c840-46f5-b092-63ca772b4ee0	TCGA-AA-A02E-01A-02-TS2.2873ffcc-c5bc-4198-9651-a986acb88e44.svs
90ce564b-eab9-473d-8b01-b260025ec3b5	TCGA-AA-A02E-01A-01-TS1.af5b20f3-ed0b-480f-b8e7-5563ea039bcd.svs
25d00401-5200-417f-8955-ddba65eebdb7	TCGA-AA-A02E-01Z-00-DX1.04D47621-9DCF-437C-A4D6-44D17579FE6D.svs
796320ba-910d-4bf5-99ce-5573007836e3	TCGA-AA-3869-01A-01-TS1.1a4a6173-d9d5-4f98-93ed-5f3fb253153f.svs
885ee06e-9f9f-479c-b444-ee8db9dafa34	TCGA-AA-3869-01A-01-BS1.bdcb8a44-f5bd-4992-9885-25bccf90b2f7.svs
115cba1c-9950-4067-a213-3f7963b51960	TCGA-AA-3869-01Z-00-DX1.ef8b8cf0-5de5-4475-ac37-286d58604a0f.svs
b09fdbd7-a486-4d86-8259-271542ca5a5b	TCGA-AA-A01Q-01A-01-TS1.08db39ba-eccd-4573-adc5-670a7bcfa920.svs
937ae6e1-a455-4436-a2e7-d4898ed3345b	TCGA-AA-A01Q-01A-01-BS1.c09076fb-3518-4341-b986-113b651aa12f.svs
b984bce8-16ea-4564-8dda-c119f02020d7	TCGA-AA-A01Q-01Z-00-DX1.4432694B-F24B-4942-91FD-27DEF1D84921.svs
88a6a5e3-0bd3-4d18-82de-2c4186e7175a	TCGA-AA-3875-01Z-00-DX1.016712a0-4226-4086-857c-3d6d85f186e3.svs
4eca52a2-282c-429d-aa4f-5a0557f70a2c	TCGA-AA-3875-01A-01-TS1.5e338c85-2009-421d-bc89-e7cfaee0848f.svs
bad0f276-f482-43c2-8d01-8451581487ed	TCGA-AA-3875-01A-01-BS1.0b7576ba-c5e4-4d5b-9317-61ac40a5adfc.svs
d0d5559e-0298-41a5-aadc-5e1c16e03c34	TCGA-A6-2671-11A-01-TS1.f8122238-e900-407d-b9f8-a1d7ba677bb0.svs
fadae9ce-9ac4-42e2-a5cf-1595832ed45b	TCGA-A6-2671-01A-01-TS1.79a30fac-81ad-4c1f-8a1f-5e649afe275d.svs
e45b588f-c7db-4cea-a78c-bfecd1a46da6	TCGA-A6-2671-01Z-00-DX1.13d1a0d9-78cd-4cfc-b670-34a79ebe52ee.svs
45c1c136-7e58-4392-8a5e-6aa376126ecf	TCGA-A6-2671-01A-01-BS1.2aff694f-fd2f-4f61-b97e-e7346b2c77fa.svs
abf51307-24e9-4688-a9f6-045dc456aec9	TCGA-AA-3982-01A-02-BS2.57cdc806-5cbb-4588-a765-4a81adf57dae.svs
5f586d76-05de-458a-a62c-4989fa79ddcb	TCGA-AA-3982-01Z-00-DX1.2d2e4de6-5b8e-4fbb-a9a8-4fbb48b5492a.svs
b3cd4563-4d0c-4c47-bdf4-fa45d0cde31a	TCGA-AA-3982-01A-01-BS1.f05a28d5-2699-435c-9fa2-506ec0f68a44.svs
d0f8d843-bf85-412b-9e08-8eb8b7f5aeb7	TCGA-AA-3520-01A-01-BS1.5e44e736-a5ec-475e-bcef-92a69b4cf6a6.svs
6c93eed6-bbf7-4b4f-9998-2badbf8f9582	TCGA-AA-3520-01A-01-TS1.eae96cf9-46e2-4eb0-b43f-15bcd3337d0b.svs
e39494ea-6021-4e8e-990b-362859481cca	TCGA-AA-3520-11A-01-TS1.bcc77fff-707e-4bda-8bdd-ca31bdf777bf.svs
b2e3452c-dc6b-4b67-b12a-6c9c1925242e	TCGA-AA-3520-01Z-00-DX1.3e2b41c2-eb21-4f68-8946-92b59cc1f969.svs
4aef029c-5a7a-4cd8-bc9a-944cb13db130	TCGA-AA-A00F-01A-01-TS1.29d95f59-8040-463f-bb4d-b5f3e87bdc58.svs
b1a1c99c-e3f9-4190-a0b8-06dddbc1ed79	TCGA-AA-A00F-01Z-00-DX1.7E748515-2D18-4061-AF9A-E1446E44E7B8.svs
2aa307c7-f3f7-4b66-9ccc-c955ab23bc1e	TCGA-AA-A00F-01A-01-BS1.da68f37b-90ec-4015-a687-45e92bb721d4.svs
31a14c23-e214-4fe8-813a-ceadb30b1c32	TCGA-AA-3494-11A-01-TS1.267c284b-be17-427d-b505-3c652c2f4ad1.svs
569d0174-8ffc-4a36-9afa-e6e236ee2f91	TCGA-AA-3494-01A-01-BS1.31cb3ba6-a06c-45cd-a72a-49ad2e32d937.svs
b6c0ea5f-32d3-4210-b85b-9cb435e8167e	TCGA-AA-3494-01Z-00-DX1.E275AF20-3AA7-4191-BD1F-FFE744CA6A2F.svs
baff13b5-8c4a-4209-8495-df79306afeed	TCGA-AA-3494-01A-01-TS1.1ef22b7c-af36-4f11-a898-025ba1f46d93.svs
0929ba98-ccf1-4417-84e8-75f384aff1c3	TCGA-AA-A02H-01A-01-TS1.f4fad26a-c882-4116-b58e-df2ae0336ffb.svs
d36e2ef0-5b54-4bf0-8783-5dede06a1c1c	TCGA-AA-A02H-01A-03-BS3.6d5f47a1-855b-457e-82b6-bd943c36fbe8.svs
6ffcfd58-e0fb-4044-ac5b-7ba0835afa2b	TCGA-AA-A02H-01A-01-BS1.4a22c6cb-1222-4b9e-b884-85dd469be4b1.svs
d5610032-88a9-403c-bbf2-b68f96dca960	TCGA-AA-A02H-01A-03-MS3.b6bd9034-c395-4256-b3a7-aa337dc6ee6e.svs
e95e537b-3824-421d-9003-4a6e39a0a342	TCGA-AA-A02H-01Z-00-DX1.5343879F-6C5D-48B3-8D78-D895ED118F42.svs
021821c9-68f3-4be3-97ec-4ade5b4aaa60	TCGA-AY-4070-01Z-00-DX1.dd650ac6-8480-4fd8-85b8-15a7840a5933.svs
479c6008-b8c6-4e93-94b7-083bb27f7fbd	TCGA-AY-4070-01A-01-BS1.1fae4796-c4ba-41cf-ae31-52b846b76434.svs
cb0a3eeb-14c8-467b-bb05-29e935ba21a8	TCGA-AY-4070-01A-01-TS1.029e7809-f83d-45cc-b3dd-2bf04f8f3541.svs
83813116-bffd-4b30-a9ed-8c48a62a3f3d	TCGA-AA-3488-11A-01-TS1.c047bf9a-7117-4775-983d-ba928ed661f5.svs
d51a0a45-ecff-4031-a67d-ecb14895bd11	TCGA-AA-3488-01A-01-BS1.320047b8-4bfe-459b-8446-7f8829e25bb1.svs
30f01f7f-396f-4c08-83f9-9f1ad796ce48	TCGA-AA-3488-01A-01-TS1.c745bedc-2dee-4ecf-bb2b-fa4086e305bc.svs
b8085eff-8407-4fd5-b2ba-70fa649aa07d	TCGA-AA-3488-01Z-00-DX1.EDF60198-F7AB-45BB-9A1B-C2E2FA141989.svs
78bdaa19-90f5-46d9-b2b2-b5882ccd1720	TCGA-AA-A01G-01A-01-BS1.c1fceaeb-50d6-4b2e-9160-d7053b67cbd3.svs
3a490bf8-7fb4-4ef4-84b8-81ae3a48770b	TCGA-AA-A01G-01A-02-BS2.fdfba822-210e-4470-8e25-4827f6681931.svs
fb3ec7fb-cc23-45f4-8173-19f0e290a323	TCGA-AA-A01G-01A-01-TS1.2118f70a-7165-49a2-a66d-df105113755f.svs
6d30682e-a80b-4554-8b77-16f3ffd5314f	TCGA-AA-A01G-01Z-00-DX1.8A288E53-BA38-4BAC-81B5-2E0E41EA0D85.svs
460aaaf7-7db9-4c7b-bf29-26faf48c1759	TCGA-AA-3852-01A-01-TS1.08adef01-addd-4dd4-95aa-450ce8affb65.svs
ba605d84-5a10-4c72-bb0d-a64c94e6deca	TCGA-AA-3852-01Z-00-DX1.d662015f-398d-4a98-b384-46221070da2f.svs
ad845c11-5b6e-43fb-aa75-bf4c25a0b620	TCGA-AA-3852-01A-01-BS1.521ec155-c5a8-417c-bcc6-6e7b3621f78d.svs
8e58762c-e960-4319-b329-09ea285fc8c1	TCGA-AA-A02R-01Z-00-DX1.B332C84C-EE97-4855-B773-9B5CBFA45096.svs
9df27a1e-bcf1-4bb9-91f5-5e7b90444db7	TCGA-AA-A02R-01A-01-BS1.2c572b74-d497-4ee0-8d41-89d3c2b65e6b.svs
854f1369-094e-432e-a954-da843c510f66	TCGA-AA-A02R-01A-01-TS1.d703aa8d-cc3c-4ea4-b2c7-84194e304d0b.svs
d87fc3f0-9a7d-4e4b-8c61-1d36864b4800	TCGA-AA-A02R-01A-02-BS2.3a3bda2c-75db-4d53-ac02-3f5d6d4c44aa.svs
eef92134-10aa-4c76-9cbb-5f721b9b39e6	TCGA-AA-3841-01Z-00-DX1.10f98d09-027f-4495-9ad8-7c8dc49a07d7.svs
f7e13c6d-2db9-4e4f-8eae-6a731005af24	TCGA-AA-3841-01A-01-BS1.f31ab5eb-febf-48f1-89ec-8e1b200d6771.svs
8a45e120-8fbd-4775-a4af-2becece5ffb7	TCGA-AA-3841-01A-01-TS1.668b4bfe-468a-4517-90d4-601fd9395621.svs
7a9862be-a49f-4538-9bd8-2bead39fca9f	TCGA-AA-3509-01A-01-BS1.f710bcf7-3e88-4dfa-90d2-3ec8a37bd901.svs
30d4f607-2943-4aad-81b7-d1cb515bb78a	TCGA-AA-3509-11A-01-TS1.ffdfae15-b16d-4596-bddf-d4e20d89314c.svs
1863b496-96d4-44f1-a33e-d141aef3b14a	TCGA-AA-3509-01A-01-TS1.eb7e71d2-7f87-4a46-b806-ce309fa5de32.svs
3ac10c45-4096-4839-982d-3019e77587db	TCGA-AA-3509-01Z-00-DX1.EAE46823-3132-486F-8C2A-C0F548A08335.svs
0bd355d5-4062-42ba-88e4-30af0dd8f1e6	TCGA-AA-3941-01Z-00-DX1.7c445fb8-53ee-4813-9ca8-8f7c3cc0bdde.svs
38c28034-2dd2-4f05-9444-2bb07ef66f1c	TCGA-AA-3941-01A-01-TS1.5ab46553-dc97-4937-a21c-49a9fb945d8f.svs
ef0c80b3-b0e0-4af5-a968-55fbbd5d69f3	TCGA-AA-3941-01A-01-BS1.dffd5264-fc5b-4bbd-831a-8f09957e0224.svs
2ce42fde-3918-4dcb-9bf0-e9caab09a1dd	TCGA-A6-3809-01B-03-BS3.D8B0068C-ACD9-45E5-9606-7CFAF9D08493.svs
334e302a-66a3-4254-8644-ec0424b25498	TCGA-A6-3809-11A-01-TS1.ca0ed29f-23cc-476a-b69c-52b4077da741.svs
1e3c55fe-6fa9-4fcc-940e-b7a84f5d80d9	TCGA-A6-3809-11A-01-BS1.6c172e19-22b2-445b-afa8-a6aa8ba01421.svs
31689c9f-a158-427c-8375-03b6458a86b9	TCGA-A6-3809-01B-04-BS4.8BA8D42E-9833-4A63-B129-63EBADEA3E30.svs
8dda5e07-4768-40bd-ab0d-fbc4aba19f99	TCGA-A6-3809-01A-01-TS1.ea54f6fb-333e-4c45-bee5-410083bb4554.svs
4c4f4942-530b-4043-84b9-785b4b3e9dba	TCGA-A6-3809-01Z-00-DX1.c26f03e8-c285-4a66-925d-ae9cba17d7b3.svs
8146631c-4331-4f92-b452-2629b6bb8dda	TCGA-A6-3809-01A-01-BS1.44ed8b6b-5fcc-4274-9963-e54dc460c82e.svs
14123e35-8dfe-4722-8423-67683f2c614e	TCGA-AA-A01I-01A-02-BS2.f7200cc6-efe3-4a18-8cea-589e573b674b.svs
f1a82927-49c3-4fd1-963a-1e24e1d8e9ab	TCGA-AA-A01I-01Z-00-DX1.D24F43B2-F46E-4F7F-85A0-91F3A04E0785.svs
d1101268-5273-41b4-ba61-3cb89443cc76	TCGA-AA-A01I-01A-01-BS1.1c4527e4-0a9f-420c-8a24-acc05a8f34c2.svs
fc2bd6d1-62df-40f1-a9ec-9fe8244abb5f	TCGA-AA-A01K-01A-01-MS1.74687f46-a7cd-4187-b917-a11d4936c5d1.svs
262569d9-5fb0-4e7b-923c-a8285ced66b0	TCGA-AA-A01K-01Z-00-DX1.2E147232-BC3C-48CC-B75E-43E6AA4A0BF8.svs
b611699e-4625-4722-89dd-5f307ef91fd0	TCGA-AA-A01K-01A-01-TS1.105e5e60-f494-49d9-abfc-561b27285eb8.svs
d411c2d9-be5b-41b5-a7ad-0bc2a43d99fa	TCGA-AA-A00R-01A-01-TS1.787cabcb-4e9b-48ae-a778-706b23f9f92f.svs
0bb3f2a1-e55c-4a31-a690-09603774951c	TCGA-CM-4748-01A-01-TS1.14db69b4-20ff-46e4-bc9b-232db6e11c92.svs
463c456f-ffcc-428a-ade8-bca6a4637d56	TCGA-CM-4748-01A-01-BS1.0562b8fd-6431-41f2-8bbc-ed900c71f457.svs
e329f6c8-9bb9-4717-83ce-ae378a509b83	TCGA-AA-3553-01Z-00-DX1.45a24cd4-6eb2-4f20-9453-05476da34cdd.svs
e23722a9-c3ad-4757-b175-8c13175dbf96	TCGA-AA-3553-01A-01-TS1.3713237d-a699-4bd7-9075-c61bcd44e254.svs
a7e80915-436f-458b-b5b1-461c3b3732ee	TCGA-AA-3553-01A-01-BS1.7d72a5d8-1803-46cc-a6dc-22c0a4b4a0e1.svs
7d6c3f4d-7267-4a08-b1bd-57213e2ff226	TCGA-AA-3989-01Z-00-DX1.792D9A97-E06B-4F8C-8181-C4E5BD8B9A59.svs
876a119d-8bc6-467c-b6fa-7021f4e1356b	TCGA-AA-3989-01A-01-BS1.c84d4c60-0a9d-42a6-83a0-74a0af5b54e4.svs
ff13199a-c42d-48c1-8e68-e6bd42b04553	TCGA-AA-3989-01A-01-TS1.5399990f-72ee-4d1c-bc60-575396d38451.svs
d0c22dc8-25fe-4b06-977d-fb526aa0e888	TCGA-AA-A02F-01A-01-BS1.45d0a471-41d9-4ae6-9158-f77c2424bc62.svs
a9378edf-1d5c-46e9-83a8-a70890beaa90	TCGA-AA-A02F-01A-01-TS1.6ff392db-fa0d-47cf-ad4a-4ea2a1f9a2d7.svs
acc689e0-67f9-4bae-b5d5-96dae5efebc1	TCGA-AA-A02F-01Z-00-DX1.6E214530-87AE-4E9F-89A9-E35BA9C69BB0.svs
1ad87283-91c0-4921-bd6c-1920a5f7beac	TCGA-AA-A02F-01A-02-BS2.7ad39387-9403-4a2a-b70d-8908d905ac55.svs
ab5c91fa-c9b5-45ef-abaa-f0ddb675eaf8	TCGA-AA-3534-11A-01-TS1.ddc817cf-139a-45ae-bac1-7935c9400583.svs
2b2ba75b-ae19-49d4-b14d-1f49a0fa9613	TCGA-AA-3534-01Z-00-DX1.a49495e0-93b2-41fa-9229-6375533578b5.svs
b71aac0d-1889-43e3-8254-b520a75f2423	TCGA-AA-3534-01A-01-TS1.a5a5153f-13ce-48b4-9549-2fcad278dcc5.svs
4022c4b0-67e5-4805-999f-873026fb670d	TCGA-A6-2683-11A-01-TS1.9750a80d-ed19-4baa-b0eb-8f3a77b66b00.svs
41e7dc14-d609-4047-a89d-53f63eb25fee	TCGA-AA-3818-01Z-00-DX1.80d3eeeb-9a4d-4211-90e8-605a4b809a63.svs
41182957-e990-41da-b27c-aabea4487bfb	TCGA-AA-A00W-01A-01-TS1.74a4c357-4e33-4fda-8161-03ab10ec0efa.svs
b5d1e455-5c25-4ad1-87b5-b56776d17baf	TCGA-AA-A00W-01Z-00-DX1.24770462-BD63-4881-9AE3-9198E9093AD9.svs
51f009f7-d448-4108-a99d-c2f684e8168b	TCGA-AA-A00W-01A-01-BS1.dae5535c-84cb-4679-90ae-99a4cbdc067d.svs
640cce3d-b53d-4a5c-bafb-5c5ae43b7053	TCGA-AA-A00W-01A-02-BS2.de8b3768-6ca6-4713-9f70-0819aaac5301.svs
cce679a5-b4b1-4527-a073-3f77cfac8bbe	TCGA-A6-2683-01A-01-TS1.9cf6e4c7-9b9f-4810-8dc6-143f71280c7a.svs
f7c0441d-2446-4776-9f88-98796a46f7fa	TCGA-A6-2683-01A-01-BS1.29a7562c-65a1-43b7-8d81-27cfb1f56726.svs
011da0ba-03eb-41cd-ae90-2dca944410e5	TCGA-A6-2683-01Z-00-DX1.0dfc5d0a-68f4-45e1-a879-0428313c6dbc.svs
7d809243-e56b-454a-bc73-139d0a4cfb9c	TCGA-AA-3521-01A-01-TS1.3df678e0-934f-4702-a700-c4b76768a1fb.svs
df026794-9578-4059-ae06-9bf13cbba577	TCGA-AA-3521-11A-01-TS1.1d81fadb-e500-461b-ac67-17415647b9b8.svs
896cee98-ffaa-4aec-8aa1-f067482fedd5	TCGA-AA-3521-01Z-00-DX1.9d6be975-7be1-4f6c-99db-5101369c6624.svs
0a245f77-3160-4850-bb14-5a4122466260	TCGA-AA-3715-01A-01-BS1.3927954b-ba83-41d4-aab5-ff73273c68a1.svs
a7afe2d0-7290-4aeb-9840-7a44f0e76bd1	TCGA-AA-3715-01Z-00-DX1.24d6e746-ad61-4587-a2b9-8903331b279c.svs
cdd9222b-d22b-469e-9237-6f6ac8a26eef	TCGA-AA-3715-01A-01-TS1.7d72472b-57ac-440f-92af-214864f84e1e.svs
e212ed52-70b9-4d31-8799-dd7ef351d51e	TCGA-AA-3531-01A-01-BS1.5072aa93-b14b-4fb4-891e-a1cc0b2910db.svs
10b38301-6ac8-40a9-ae81-b2ecf64a5d3c	TCGA-AA-3531-01Z-00-DX1.19cdaa4b-5a53-4198-90da-5800827d90bf.svs
90adc7e6-4898-4b5b-bc0f-55ddda867629	TCGA-AA-3531-01A-01-TS1.2748e675-d0f4-44b9-8073-82fd83785c6f.svs
95bfe14e-53f2-4615-aa23-8e812a3b7ace	TCGA-AA-3531-11A-01-TS1.7671ed97-98f6-40b8-aaab-92d36cc69a6e.svs
8bb9896d-ef4a-4050-9699-dafe404724a6	TCGA-AA-3952-01Z-00-DX1.6a51a689-74cb-4204-9f7a-f5e3fc55fb2d.svs
4d119e3b-58e7-4b33-98f9-f0b2f09c25bc	TCGA-AA-3952-01A-01-BS1.dc564406-d3db-4bb3-b78f-f699c3c41b39.svs
27ac8b0a-9daa-4fe6-8bd7-067f18f4a389	TCGA-AA-3672-01Z-00-DX1.6cc142eb-e77f-4c09-a6ac-e85470221812.svs
b86d4d5d-f532-43cb-b7db-38fc3d768a97	TCGA-AA-3952-01A-01-TS1.b21736f1-e917-4385-a99c-980b30cda69a.svs
747c1ce5-3243-448c-b1ab-227767636a0c	TCGA-AA-A024-01A-02-BS2.2c1c3ab4-d657-4764-9635-5e250b0566ff.svs
81bb19f4-8a42-43f1-b41b-a0c73e425a20	TCGA-AA-A024-01A-01-MS1.ad919832-1db3-4106-bc71-201480fdcb96.svs
b2cba6c5-173a-42cc-b0aa-93100222d08b	TCGA-AA-A024-01Z-00-DX1.5F24A31C-2F11-4768-9906-7BAB578C742D.svs
30c214c4-d8b2-4bf0-a592-540d5ed9235b	TCGA-AA-A024-01A-01-BS1.274e4819-7d73-429b-be76-7956b4cdd48f.svs
671775ae-0a39-4721-9398-856ed5536719	TCGA-AA-3972-01A-01-BS1.6c038157-503f-47dc-9445-72d7cdcae1a7.svs
b339b9d1-af19-46e3-94cf-eb21c391da0e	TCGA-AA-3972-01Z-00-DX1.a60c2c2b-71ea-4cd6-a56b-c8e409a181ac.svs
4fd1a617-6f78-406c-85cf-60c132cb8589	TCGA-AA-3972-01A-01-TS1.3492c5d3-141f-48f9-a61b-48a1f595792c.svs
7a6f554f-2146-4ea8-b62c-f81ea692def7	TCGA-AA-3530-11A-01-TS1.3b73bc40-3151-467f-bb0f-d872dd7911d2.svs
33740a11-a90b-4ef6-8bac-547093076ff3	TCGA-AA-3530-01A-01-BS1.7d1c4f63-aede-410d-b027-e98c289aa8a2.svs
3b88b579-a27a-4ac4-8533-48dded7d11c7	TCGA-AA-3530-01Z-00-DX1.298325a7-f5f8-4b5e-b3da-dd9dab6e4820.svs
ac607e67-1922-4ebd-bd2b-1b212065acba	TCGA-AA-3530-01A-01-TS1.c37df755-5988-406b-8cc9-423a3460d2d6.svs
c2337b17-530a-47bc-ab84-85779b6cedff	TCGA-AA-3692-01A-01-TS1.a7454976-0e14-4744-8f3e-c674cdf5c0cd.svs
ed37c015-c10f-4710-8a72-f167a08bcf60	TCGA-AA-3860-01A-02-BS2.4ca21d2f-71c0-4aff-ae9f-94f1fa047cf2.svs
25946265-6371-4009-ad90-11aeb4315889	TCGA-AA-3860-01A-01-BS1.360e30d9-c835-41e0-9322-65e3ef87d721.svs
7447c422-1367-410c-8b26-b692d91b8844	TCGA-AA-3860-01Z-00-DX1.a63df9ca-6141-4bdc-8545-719fd9ae0aa5.svs
d69f42c5-943b-4f71-8faa-8be79cdaba68	TCGA-AA-3814-01A-01-TS1.c72a49a0-eeb1-4b19-8f31-08f1a521a8dc.svs
06c18d96-66e2-4f68-834c-3da4bc9878da	TCGA-AA-3814-01Z-00-DX1.15a569dc-30d6-4bef-908b-6183df4e9e01.svs
5ceacc1d-ae07-421e-806c-4834543cfdb7	TCGA-AA-3814-01A-01-BS1.10a3eaf7-1dd1-466d-b306-acab6b4a6963.svs
23ffd0b8-c2c4-40d2-9754-f7f876762875	TCGA-AA-3543-01A-01-BS1.1d2ef51c-4d9d-418a-8465-4f43db7394d0.svs
4b490e3e-5fa9-4656-9a37-9aec8c01133b	TCGA-AA-3516-01Z-00-DX1.0a9d9207-6dc2-44b9-89ea-16418430c484.svs
e1d4526f-a6c3-4727-8760-ff3a0f73574a	TCGA-AA-3516-01A-02-BS2.ed95686a-03b4-4151-a42f-ef0ee44e5840.svs
2aa00bba-f872-4ac8-af5d-55764039d9f2	TCGA-AA-3516-01A-01-BS1.2f36d15e-4064-41b5-8f60-406557242b61.svs
c64ef6e3-815e-4395-925f-7c814a5cc452	TCGA-AA-3516-11A-01-TS1.5adf75f8-2fda-4389-a137-6a159541f16c.svs
a218885d-b6f8-4ce7-9687-054d238f379a	TCGA-A6-2677-01A-01-TS1.edb9ca2e-dace-4eef-b92a-0cf54b7fc235.svs
b83a00d6-84ff-462b-ae9e-091c9fa40b7a	TCGA-A6-2677-01Z-00-DX1.dc0903dc-fef2-47ca-8f04-1ef25a4d8338.svs
be8e0e14-be37-479b-8dbd-a0855e9b59ea	TCGA-A6-2677-01B-02-BS2.6F1003B3-E77D-4797-9F33-528F9350262F.svs
2b37e110-e0ce-467e-9158-b10b545edee2	TCGA-A6-2677-11A-01-TS1.68cd2ccf-8816-400c-80fb-62ec6a03a0e3.svs
50d7bb72-fcb6-4866-be3e-a26492c9f5e4	TCGA-A6-2677-01A-01-BS1.ed01d5ef-efc7-4f59-a8d0-62d2ac3b36ff.svs
20a11849-e57a-47ad-854c-757e17cc277b	TCGA-AA-3867-01Z-00-DX1.dbc11b4b-732c-4b0a-aaef-ba94b0218fe6.svs
6971a8bc-9758-4cdb-b780-78a8193b6fab	TCGA-AA-3867-01A-01-TS1.402df8f4-7477-4c52-979e-f6c927bc1702.svs
0262edea-d1e0-4863-a0bc-32b771c4778a	TCGA-AA-3867-01A-01-BS1.e61205c4-6f3a-48bf-873a-3539bc4de0da.svs
5aeac8b8-2308-441b-9986-281b385c0de5	TCGA-AA-3560-01A-01-BS1.55bdf493-a89e-4342-913c-f117c75e3f21.svs
20c54d6e-a4cb-4503-aafb-a70b8c342b9a	TCGA-AA-3560-01Z-00-DX1.7ca786bd-777e-4b33-8778-fc5e2b061ff1.svs
13ea8b59-6628-4faa-8047-6628704c4636	TCGA-AA-3986-01Z-00-DX1.db60e495-c0eb-416c-b65b-55ce62ed10b0.svs
9da5c0c5-b545-4540-9124-7db0932fc976	TCGA-AA-3986-01A-01-BS1.d7147f1a-897d-440f-85cd-8597ed7ae300.svs
4942dd61-3a5c-4a6a-8808-22161577a630	TCGA-AA-A00L-01Z-00-DX1.4F57C465-BC1C-4774-B003-F7F29C6A69D0.svs
d2e642bb-da58-466d-936a-5453e7f6f821	TCGA-AA-A00L-01A-01-TS1.eb54ec1e-f5fd-48e8-a3ae-97b10a60e105.svs
791503dd-71c0-49c9-bec0-f6e26b2180ef	TCGA-AA-A00L-01A-01-BS1.b73e7d6e-bf4f-423f-9d55-192c8085f501.svs
776eb2f6-2fbc-49e0-93a2-162528750d28	TCGA-AA-3970-01Z-00-DX1.712c069a-aeaf-498b-80fa-7bb481b13825.svs
40b929ae-ad97-44a2-a43d-378996a1b20d	TCGA-AA-A00L-01A-03-TS3.d40b514a-7c67-4461-abbf-6e603e74eda2.svs
3eda8417-5b10-4d1f-b213-e22cd27e50f1	TCGA-AA-3562-01A-02-BS2.545d3c6e-ca91-4f6a-9011-0bdbd41ef0cb.svs
24e85993-3c0f-474d-86ad-262aa642de6e	TCGA-AA-3562-01A-01-BS1.2bc37a71-647d-4e7e-9e3a-12191942a051.svs
e0057043-fae2-4b6b-8298-1d06e48100e3	TCGA-AA-3562-01Z-00-DX1.e07893e6-646d-41b5-be51-9c19d51f6743.svs
7959817f-1f4b-4567-b7e9-44e56407a3e3	TCGA-AA-3844-01A-01-TS1.6a6ad054-276a-49c4-a0f2-cc609b380157.svs
77d0705d-b82d-4e8c-bdb6-6bf39f1dec35	TCGA-AA-3979-01A-01-TS1.93a2c329-a9fe-44de-9115-82b433434b54.svs
a6e9ea68-efe7-44b9-baef-16dcbd81990d	TCGA-AA-3979-01A-01-BS1.cc214f4b-8303-46a7-a8d4-a420413adc46.svs
28fa386a-97e2-4144-8ab0-29ebe01a7774	TCGA-AA-3979-01Z-00-DX1.e63b4db2-dc9b-4afb-a288-89a905beacd0.svs
1a3c736a-05c7-44fc-a9c1-1ab8659033c2	TCGA-AZ-4681-01A-01-BS1.479f4bfa-83d7-4041-8345-1b39424b8c36.svs
23055574-65ae-4a76-9968-7dfcb5336cf7	TCGA-AZ-4681-01Z-00-DX1.e468c1a1-e251-4521-82fe-526c9c5f8190.svs
3ec3d091-9a42-4621-aef4-05fda584dd82	TCGA-AZ-4681-01A-01-TS1.2f4d75b7-7f53-4934-bb56-d3c152ac4ba8.svs
e6257191-06a5-4275-bcde-73ba58600656	TCGA-AA-3524-11A-01-TS1.72f43398-3528-4407-b119-92caf2e9e8b5.svs
0ecb2d7b-0a69-46ce-80d6-1be65cec3cc7	TCGA-AA-3524-01Z-00-DX1.b1aae264-87be-4514-8f9d-25660b39caa7.svs
71f20006-b8a4-429b-b3fa-cb984a80ce52	TCGA-AA-3524-01A-01-BS1.26bb278f-a41e-43be-be0b-a16a78d23272.svs
c38096a2-7702-4ec8-8982-c4d574a5f984	TCGA-AA-3524-01A-02-BS2.5ec2a6e7-96ad-4e7e-ab9f-92e9f30df438.svs
d82635df-31d1-4110-8acb-aadd88e9ba74	TCGA-AA-3976-01Z-00-DX1.d2519da8-bc55-4dde-9839-9fa51ecff1b3.svs
9ef1ccc1-9aee-4cbb-a511-17a611a6fdc2	TCGA-AA-3976-01A-01-TS1.caf2230f-f958-489f-a0ad-e0f58e390453.svs
428626cd-c9ef-43f0-a2c5-620f6d961c32	TCGA-AA-3976-01A-01-BS1.d6071150-53e7-447d-b618-969a9221f989.svs
92b15918-9499-4664-a91e-c774ecfb2a22	TCGA-AA-3870-01Z-00-DX1.76e57cf5-6c8c-4b75-a8db-29d4522b66cb.svs
0666ec2b-c472-40f9-bd57-aa2507a89307	TCGA-AA-3870-01A-01-BS1.144a69bc-62fd-4eb3-8bb5-8078c508d3a3.svs
e099cd85-21ef-419d-a1ad-7449912cf172	TCGA-AA-3870-01A-01-TS1.bc40da97-d23a-442f-9fdf-fdda55ebcd6f.svs
266cef8d-da8c-4cda-adb0-dc2e7f14c50c	TCGA-AA-3950-01A-01-BS1.ebedc6f3-ee98-4d26-90e3-6e3b11ba6985.svs
83bfc9a9-7f16-493d-87bf-988dec60c82c	TCGA-AA-3950-01Z-00-DX1.2a81cf11-4c16-4e9e-8809-6f63152060da.svs
df71bbed-6fa4-4197-bb6a-fe3fd532d64b	TCGA-AA-3950-01A-02-BS2.9c0c8a89-1d69-4833-9dbb-4abe2c60ab2b.svs
e3804153-e485-4232-97cf-18fb237eba26	TCGA-AA-3556-01A-01-BS1.6c414ca3-3254-4af5-a3a6-5ac24a643f02.svs
4610d8e4-ddc8-41e3-a92f-9cc32c8c8e8a	TCGA-AA-3556-01Z-00-DX1.63a74b91-44e8-4ffd-8737-bcf6992183c3.svs
c4b0c781-5493-4316-acc3-8271a0012744	TCGA-AA-3556-01A-01-TS1.cec73849-8808-43fc-b4f3-6a7161d3a61d.svs
6987f96d-b433-4fae-a0de-62ea34f729f5	TCGA-AA-A00Z-01A-01-TS1.fc10c794-7724-4e45-abf5-1bdf36ba4000.svs
2e23c9a5-0e47-4b5a-9359-b73ed2dd1916	TCGA-AA-A00Z-01Z-00-DX1.47847702-E46E-40AA-9BA6-2ED1912D1E73.svs
5f11266c-19b3-4003-9efe-fd74984ed616	TCGA-AA-A00Z-01A-01-BS1.47febbeb-d8d0-45fe-b934-30d8992a1737.svs
fe2180ab-1912-4bab-a1ea-fadb8e4f0f8f	TCGA-AA-3522-01A-01-BS1.da130661-e1ff-45e8-b68e-f15b89879713.svs
3058f5a6-b21a-4424-bd13-58fed2f4f959	TCGA-AA-3522-01Z-00-DX1.bd54ca55-9036-4167-b8b9-14f4209b7e4d.svs
7e5db848-9dbf-47e0-a936-82c6b181c1b9	TCGA-AA-3522-11A-01-TS1.b24118e7-0d4f-4222-920c-e8be2b0adec2.svs
49258126-2ed2-4f7d-8044-e4645abe5b86	TCGA-AA-3522-01A-01-TS1.4bd571fb-9fb2-4809-b293-224e983590f8.svs
959e8791-a2c0-4f9a-9ec3-ab8133c1fc1d	TCGA-AY-4071-01A-01-BS1.ded78ca0-3bb9-4844-bc74-f5425e34bf30.svs
c0cfb588-39ba-48f1-a653-b3974026e011	TCGA-AY-4071-01Z-00-DX1.6C426E14-2DBD-4009-A6B5-B8B7B8F5888C.svs
b698ef55-b6ba-4665-bfe3-ef2b4d080f0e	TCGA-AY-4071-01A-01-TS1.b28faf0b-4394-4bc1-934f-fbcb8ef65c1c.svs
0f26f7da-ceab-40bb-9fb3-637a7861060e	TCGA-AA-3811-01A-01-TS1.6dcefb95-754c-4ea5-9453-8f998a05a9da.svs
3da5c30e-042f-4dca-965e-0852ca2d8987	TCGA-AA-3811-01Z-00-DX1.369d7946-911e-4e97-8ae7-32ef12b6b106.svs
7c92721f-9d3b-42b2-b4a1-e5c1e9a10d33	TCGA-AA-3811-01A-01-BS1.cf9b2d3c-9cab-40ee-968d-ea595846711c.svs
ac5cf94c-5829-4da1-80be-8d24eb798058	TCGA-AA-3862-01Z-00-DX1.67a0bc0d-1fe0-4c90-bb2d-5b12224cc846.svs
43ec31e0-82c0-478a-82b8-8893c9b550c3	TCGA-AA-3862-01A-01-TS1.29e7f431-fdae-40af-88e6-61ced937931d.svs
2edf4859-b310-4cfd-98ca-61f60dca2a4f	TCGA-AA-3862-01A-01-BS1.342316e0-f6ba-4bcb-8a47-4c5e9ddcf1d2.svs
64354776-5adc-4d1c-8a12-6dd54157a7e2	TCGA-CM-4750-01A-01-TS1.629832cf-be63-425a-b6c0-4db0eb826cd4.svs
683ec752-46a5-40cd-9bda-b6b1c771e955	TCGA-CM-4750-01Z-00-DX1.250ea50f-3aae-4fcd-9ba9-25cf2115525f.svs
5dd061b5-1622-4d82-a5a1-d3a01904050d	TCGA-CM-4750-01A-01-BS1.736e03ab-d5ec-41d2-a714-87d5ea2a71b9.svs
3cf49fba-8cd4-47f3-a664-26bbd049079b	TCGA-AA-3554-01A-01-BS1.b9ec84f2-9fda-498e-844c-e0d0d831b372.svs
f42d95c6-a82d-41fe-a76e-3248592e0bc3	TCGA-AA-3554-01Z-00-DX1.53ea377e-6671-47bb-a2b6-b136d9686144.svs
a11f4c86-287c-483a-a86f-e608d11368b0	TCGA-AA-3554-01A-01-TS1.316371d2-28fc-4aee-8458-98601e4151ba.svs
aa880174-939f-4688-930e-388462ffcdb1	TCGA-AA-3939-01A-01-BS1.01c069ab-221a-42a9-8788-86800c08a0d5.svs
f26ac260-1cc8-4853-8421-9efe3f369bac	TCGA-AA-3939-01A-01-TS1.dacb1260-7d38-4f18-bda9-93bbbf3abfe4.svs
3c964c2b-607a-437e-8fe2-3998850f9689	TCGA-AA-3939-01Z-00-DX1.6ceb6e8f-a469-4f42-9597-8bf853d95640.svs
bd57d0cd-6237-4c82-a36f-db94728108ae	TCGA-AA-3842-01A-01-TS1.80bcdadf-9f88-47c2-978f-445f8619982b.svs
db55d38c-7ba8-4a7d-86ff-203d78f91b3e	TCGA-AA-3842-01A-01-BS1.6845143c-92f1-4d2e-bd06-4c64d5381b3b.svs
80d752c3-1cfa-4eb1-baf5-ec407843eec2	TCGA-AA-3842-01Z-00-DX1.8bbbd702-2b17-4c3e-a8bd-55c3ae8aaba3.svs
227fecea-0d2a-4eaf-b32a-1129887d6926	TCGA-AA-3561-01Z-00-DX1.1b5a2925-53f9-470f-a62c-cc2e5d5abb58.svs
82ab624b-74b1-4fa2-a146-5f0fba7ea199	TCGA-AA-3561-01A-01-TS1.438158ae-9be7-43d9-b73e-21e26eb876aa.svs
42299afa-2ad2-4432-b935-b098f992a94b	TCGA-AA-3561-01A-01-BS1.0ca8c00c-15d4-483c-a0eb-666960f7824f.svs
1f9ce3f2-2148-42aa-96e3-d5e84875b462	TCGA-AA-3858-01A-01-TS1.7ccb3c39-1a32-45fa-9fe4-72364d1ce34f.svs
0ab69017-93fe-4ca0-8167-5be13d8d7a09	TCGA-AA-3858-01A-01-BS1.a2b4bf28-cb5b-4d60-8cdd-7770c88bc7f9.svs
ae0b360c-6eb7-49ae-8cdb-ccaacfec7cfe	TCGA-AA-3858-01Z-00-DX1.6336815f-9887-4f74-a15d-78e7f6cacb59.svs
6454f449-05ff-4f00-b011-7830739bbaec	TCGA-A6-2676-01A-01-BS1.8ca9ef13-fde1-445b-8fa2-a286f23a738c.svs
a84763f5-7eda-4647-bcf3-0ad8d7827f16	TCGA-A6-2676-11A-01-TS1.a2b894be-974e-4031-9b67-9bbe98e37fe4.svs
42b1d9e6-a4c8-4625-b443-2bb2a5f69b02	TCGA-A6-2676-01Z-00-DX1.c465f6e0-b47c-48e9-bdb1-67077bb16c67.svs
8b63cb31-9223-4c6d-938c-82b9d6a1f7af	TCGA-A6-2676-01A-01-TS1.d4940455-1e01-44bf-adcf-891d2105f5a4.svs
a1d91919-7121-41f4-bcfc-3604623fd25f	TCGA-AA-A02K-01A-02-BS2.1a087bff-b6ea-4031-b283-c33b77df1f4c.svs
214c1ca2-6b35-4356-a0a9-e5e825078ba1	TCGA-AA-A02K-01A-03-BS3.55155371-5d4a-45af-90d1-278f6f6a1122.svs
39c5d9fb-92de-4cec-b690-92e27924f759	TCGA-AA-A02K-01Z-00-DX1.732DD8F9-A21A-4E97-A779-3400A6C3D19D.svs
d088c9f5-21bb-447a-a9cf-1f1dd19fbb12	TCGA-AA-A02K-01A-03-TS3.d9447da0-6f0e-4806-8f16-3b6af263a67d.svs
6b20ee40-f420-421b-9edb-1df9246d24d1	TCGA-AA-A02K-01A-02-MS2.59976557-6d83-4b87-946e-e591ce6110bc.svs
f373057a-ac13-4a03-9194-58c2c67ccee5	TCGA-A6-2680-01Z-00-DX1.7b77c0fb-f51d-4d16-ae77-f7615b1d0b87.svs
e9141bde-a1ee-4d1b-b8d8-f3aedbf5ef67	TCGA-A6-2680-01A-01-BS1.01a50346-1cce-4bc4-9e00-a46c03d9a550.svs
e5e8e2d5-94e1-4b57-acc7-e964e569f581	TCGA-A6-2680-11A-01-TS1.b35e0452-5097-4558-a5f3-ffa7c08c47b0.svs
e6b37c6b-44a5-423b-9dab-ecd478f58630	TCGA-A6-2680-01A-01-TS1.faab1630-04bd-49ad-9f20-d69e6b778d60.svs
e863c0fa-4dbb-4181-afc3-fac806ec1007	TCGA-CM-5341-01A-01-TS1.0240d0bc-f587-4d47-b3be-00e6d1df2418.svs
2db970a8-1f49-4b6e-b8be-639cef516156	TCGA-CM-5341-01Z-00-DX1.af4f75ff-3971-4639-8ef4-918ef4b29df0.svs
bb3aa13e-e6ce-48a5-9845-bb5d5887bbd7	TCGA-CM-5341-01A-01-BS1.4a20e82e-d3f9-4098-b8e4-23a40cb6abeb.svs
065d18cb-32bd-451b-91e7-54bf4d106e56	TCGA-AA-3510-01A-01-BS1.794d2af4-4397-4887-8826-babc3152336a.svs
9b05cf34-c548-482f-9e41-a77e2ba5a253	TCGA-AA-3510-01Z-00-DX1.B4FCE76A-3B60-4D7D-9F3E-973AE17EA8E2.svs
d5ccc306-b7c7-4e60-ae19-96a7d6e2a296	TCGA-AA-3510-01A-01-TS1.0ecb219f-83da-4bdc-b942-b25c5c3e740c.svs
6a481453-dfcd-4d47-9ffc-816ac8c15f88	TCGA-AA-3510-11A-01-TS1.d042a13b-f97d-4e3b-9941-e909e4df76df.svs
bd178554-1651-4dda-90b6-1321cff1a515	TCGA-AA-A00D-01A-02-MS2.1b7ebc8f-e417-4be4-b170-e05e426628db.svs
a2dee4bb-5403-4638-85fb-f3fccdb71d8b	TCGA-AA-A00D-01A-01-BS1.034d7c77-5885-4bcc-8da9-b2a2f5cc5e35.svs
b568cca3-6c42-4a60-ac6b-f75ecaad7f1a	TCGA-AA-A00D-01A-01-TS1.53151f32-1c4d-41ce-824c-9903b37ff2cc.svs
91b1621c-62be-4bc3-8b7e-1cae7f38467d	TCGA-AA-A00D-01Z-00-DX1.A4358CDC-9B7E-4802-BF1C-741F533BBD96.svs
452b0a7c-17e5-4474-adbc-68bd449c7f05	TCGA-AA-3971-01A-01-BS1.43f25781-1cbe-4a02-9d55-4ccdd36a4d0d.svs
4a644f46-af06-44ac-a7c6-f13258d70357	TCGA-AA-3971-01Z-00-DX1.348b1114-a9d5-4a37-8dfd-3bc8738fec35.svs
1ada25d1-82f9-40c3-b866-ac7a889845b5	TCGA-AA-3971-01A-01-TS1.4434d86c-aeed-4f53-998c-7b310a42d8e9.svs
227877d1-4c86-4f9f-9f74-4d22dfcdf93b	TCGA-AA-A03F-11A-01-TS1.d3da6818-dc72-4caf-bb72-f008f7f00fff.svs
2895d7db-0e16-439c-923e-ba501229b973	TCGA-AA-A03F-11A-01-BS1.f6da16ec-2e6f-454a-af11-0012bc15b90d.svs
fac4903a-786f-4976-a7c4-6fce3f27e83f	TCGA-AA-A03F-01Z-00-DX1.8E1A83FE-2C85-4444-A8FC-D0691817968A.svs
e22bc1fc-5720-4df5-881b-99ad7c45e6a9	TCGA-AA-A03F-01A-01-BS1.a991df54-fc7a-4f88-8240-a587bf85aec7.svs
1fa5957e-b910-455e-9c9f-03ea17950637	TCGA-AA-A03F-01A-01-MS1.6b626324-d09a-4197-b7bb-a03e7c301de1.svs
4974ea32-bbb7-49c3-9de4-57efeea6c6ca	TCGA-AA-A02O-01A-01-BS1.79d2c3c5-7bc2-48ea-9bcf-900e157b2c0f.svs
d81c6f68-1bcb-4f3c-9abb-f740653ab2dd	TCGA-AA-A02O-11A-01-TS1.a19eb8c1-f3c9-4fb6-9e4f-f683f0058cd6.svs
6dffd67f-8ea7-4216-8bea-c58885e6f4e6	TCGA-AA-A02O-01Z-00-DX1.CB9BE08B-D78B-46B3-8339-A3DADD24439F.svs
d277e888-c60a-4c8d-b2ec-553108b64c1e	TCGA-AA-A02O-11A-01-BS1.8b76f05c-4a8b-44ba-b581-6b8b4f437367.svs
4fc10d75-570e-4b1e-aa07-3faa578e680b	TCGA-AA-A02O-01A-02-BS2.f363741b-9ff0-44a6-9dbf-49e27c55e9d6.svs
31184a7f-8cbe-491d-ad81-c5245f3c1ea2	TCGA-AA-3861-01A-01-TS1.e2a2ec3a-f6f9-42a2-8a84-cc8b0afb4c97.svs
c946aab2-ea76-4974-bcf7-1f29afbc2a6f	TCGA-AA-3861-01Z-00-DX1.1735d004-51bd-447a-add4-05f0c583c6ca.svs
ab108301-e652-4898-9fcb-e24f483d33e4	TCGA-AA-3861-01A-01-BS1.1cdb3f8f-eb51-491a-8243-e3575218e2c9.svs
74a7137c-ea54-477d-a505-2cf147f3cf24	TCGA-AA-A029-01Z-00-DX1.36BA3129-431D-4AE5-98E6-BA064D0B5062.svs
0bbc7ad5-bc1f-432d-866d-aaa0e63f179e	TCGA-AA-A029-01A-01-BS1.e5446960-f105-4548-97fd-2e6b3d82afa7.svs
79c63756-757d-4b04-9d34-3934de7a5a8f	TCGA-AA-A029-01A-02-MS2.776b97a9-2b49-4aac-a7a3-5ffef4639dfb.svs
557280c7-69fa-4291-8192-20845632ea1c	TCGA-AA-A029-01A-01-TS1.5e3409ca-f795-4b43-a562-e678380ff09e.svs
01f8035a-0d30-46d0-8d1e-a378c7e13060	TCGA-AA-A01C-01A-01-TS1.e8b9f1f2-b9cd-4675-90bb-2a5c4c167832.svs
07409f77-2380-41c7-a17a-823ef6a1f141	TCGA-AA-A01C-01A-01-MS1.e39692c8-adb3-4e4a-9e10-070b3d89cffe.svs
83e92efd-308c-424d-a818-6400ff676b16	TCGA-AA-A01C-01Z-00-DX1.C69C8FC3-04A2-46B8-8577-7A7F082248CB.svs
a4469cdf-0941-4b97-857d-72806a5ba249	TCGA-A6-2678-11A-01-TS1.5a5a17ec-30d4-404a-a0a7-d8a9eeadc127.svs
7d2f9d68-317c-4875-aab7-b13690790c13	TCGA-A6-2678-01A-01-TS1.74cade3f-41fd-4358-a6a5-25f779b201dc.svs
cae1a4a2-e46d-4561-98b1-3260dd254405	TCGA-A6-2678-01A-01-BS1.94039d71-9104-4012-9038-76b19560725f.svs
ace9aef0-0144-4e2b-b5d5-454024a7c591	TCGA-A6-2678-01Z-00-DX1.bded5c5c-555a-492a-91c7-151492d0ee5e.svs
ef52da91-023b-45be-ac86-22f4e051ff2c	TCGA-AA-A01D-01Z-00-DX1.A6FE424C-9BF8-4605-8A78-7BD7B83BEC61.svs
1819106f-ec60-49c3-a702-2b3209bf26f7	TCGA-AA-A01D-01A-02-BS2.81d0cf35-ce1a-44f3-ab54-61c3f234f92c.svs
4d50ed1c-5271-433b-a7eb-069123bf0a52	TCGA-AA-A01D-01A-01-BS1.da51aa1f-36de-4a40-83fc-342908d13f18.svs
d364faa2-9b2c-471d-be13-e481222ed151	TCGA-AA-A01D-01A-01-TS1.9404ece7-4d3c-4d20-b52d-0670b0e91666.svs
13af71b9-5445-4974-a551-e89fd706a952	TCGA-AA-3819-01A-01-BS1.5627f910-cb50-4bbd-8010-45585b14aac6.svs
cd7bddd5-0f09-4891-a11a-b18cae6b9b53	TCGA-AA-3819-01Z-00-DX1.cd674efa-b953-4721-9468-ec6ad8b6f567.svs
be2ab5f6-0247-4c6d-adf2-d51f803fbe8e	TCGA-AA-3819-01A-01-TS1.55b029b4-fe85-4cdc-ab80-a6215c225b3b.svs
8a78f6fa-6940-4692-8992-104378fc3ee8	TCGA-AA-3558-01Z-00-DX1.c4af1f52-2e81-4d66-9561-ce446dcace03.svs
68955905-f33f-4473-938a-b695353fe106	TCGA-AA-3558-01A-01-BS1.5ad1d706-c15b-46a5-b1fd-3916edcd6390.svs
0b1b0b05-1821-44cb-b5c3-2ea234ccab5a	TCGA-AA-3558-01A-01-TS1.8123deae-f271-4946-bb4e-2de79da5a26f.svs
ec1f4d29-4b67-420f-9bba-9138b5d64d4e	TCGA-AA-3544-01Z-00-DX1.96850cbf-2305-4b65-8f06-db801af51cc3.svs
d5e4d74f-44ad-45c7-81e6-ff9c41944dee	TCGA-AA-3544-01A-01-BS1.85f16b46-caa6-41c3-a924-00797de56ed8.svs
3b03ba79-ee5b-4ef4-917f-0ab752cf2101	TCGA-AA-3544-01A-01-TS1.d496dd9f-cd37-4827-9cbc-c10079b3cfe4.svs
8d11f723-0be2-4f35-b83a-1d674410e9e5	TCGA-AA-3866-01Z-00-DX1.f93457c3-abaa-4268-84e2-394d7c1aa523.svs
c5ef7b7b-530b-4866-90a0-10660cf41865	TCGA-AA-3866-01A-01-BS1.10fff765-8740-4cb2-addc-da4dad70704f.svs
dc77e688-1a16-4886-a29d-b3d9cbab6a77	TCGA-AA-3866-01A-01-TS1.87579b57-8c32-4128-b983-5eb3558a6e27.svs
4e320f06-9433-48cc-bdc7-6f4c10285b17	TCGA-AA-3833-01A-01-TS1.e26df311-f1d9-42a3-b32f-bb18f7c56b7a.svs
f8ec6630-7642-4e41-9975-7f171710fde2	TCGA-AA-3833-01Z-00-DX1.d27bd30c-bba2-4621-8157-feb28ba2e241.svs
38963efd-ede8-41fd-83d6-ffd93ad49727	TCGA-AA-3833-01A-01-BS1.861bbbeb-2a11-454f-b7df-48f6c39dfcb5.svs
98d93e91-2ad8-4346-a2c1-801703222daa	TCGA-AA-3850-01Z-00-DX1.49b55930-74fd-4103-9151-7b906a18be02.svs
a6fed58a-5f27-4b59-8561-b9270fbf5db6	TCGA-AA-3850-01A-01-TS1.d7965ad0-f511-413b-9d04-db8a85dbcc61.svs
6cfb020e-4c35-4a8b-b01a-94578de973d1	TCGA-AA-3850-01A-01-BS1.a79f7820-ea1e-468d-a61f-3e50e2ca2ad8.svs
3ae2df00-0ce9-438f-961e-60925e0f5484	TCGA-AA-3975-01A-01-TS1.e1054c8a-3f00-4afc-856d-4ab27e04d2d3.svs
371ab573-005a-4a45-b803-818587949c2b	TCGA-AA-3975-01A-01-BS1.12f18ef4-4e3c-4f62-99db-9672c6ad79ba.svs
7fe47f9f-3250-4e29-ac95-42fb09bc3a53	TCGA-AA-3975-01Z-00-DX1.e73492da-b6fb-4c56-ab30-53b0b7041e04.svs
b18ebd54-bcdb-449e-8c59-41e59b58a977	TCGA-AA-3529-01A-01-BS1.b86167d4-4d8d-4fbb-b3e7-e9a1e0bbe5c8.svs
533bccbc-d668-4b6e-bffd-4d69d13af395	TCGA-AA-3529-01A-02-BS2.509ce146-ca25-48d6-9180-a99ba243e60e.svs
276498be-a740-4d3f-bd12-6d686d8cf2b0	TCGA-AA-3529-11A-01-TS1.89b4aea5-1ebf-47b0-837c-2f297649e21d.svs
c870e832-73a7-4b5a-b1bd-c7aabb10dbf5	TCGA-AA-3672-01A-01-BS1.a0ceb6c5-20ba-4a0b-a957-2079ee83adb9.svs
c262de8a-5c38-4557-86dc-0ae3ddd17b15	TCGA-AA-3672-01A-01-TS1.ce1cd3ae-6c44-4f5c-ae3f-3cc69325702d.svs
3ea6697a-e1f0-4729-a1a0-3e5b41c2437c	TCGA-AA-3692-01A-01-BS1.6a72c521-b126-4b36-a75a-53b44c3393f3.svs
dd32a0d5-139c-4786-9fb7-0db929d21a12	TCGA-AA-3692-01Z-00-DX1.6e8c2370-54a7-4fce-b55c-bdb459828990.svs
1a1a480e-e6a5-46fd-ac72-e9e38d792c2f	TCGA-AA-3527-01A-01-BS1.5aa0bd9a-172a-4109-81e2-5293fba47e7c.svs
9dbea005-0c18-4666-aa39-aee60ab04839	TCGA-AA-3527-11A-01-TS1.d19964ab-f1f0-41ba-bb83-e68f7fca2420.svs
885ee2ab-38a2-43a3-b963-8861763c5bd3	TCGA-AA-3527-01A-01-TS1.612d33b3-569d-4ea0-9dd2-f08a1ba61707.svs
ae63964e-1799-4c8e-ad46-09707f1fcae8	TCGA-AA-3527-01Z-00-DX1.20035f6a-71f8-4d1f-a356-64001be9c2dd.svs
63d2705e-139c-4068-98f3-501646e3ce43	TCGA-AA-3688-01A-01-BS1.cd5c4d75-aa84-455a-becc-06b04f8978a0.svs
3862a74b-3485-44b6-a67e-1a5d723d18fe	TCGA-AA-3688-01A-01-TS1.90615e6d-6dbf-4d4e-aea5-21ec1bbb67ed.svs
69b4eafa-a83c-4e5a-8855-95de51585362	TCGA-AA-3688-01Z-00-DX1.642ce194-6dc0-4a96-aa79-674f48966df3.svs
515ba942-a45e-4e58-93a9-8f6c0c21ccc6	TCGA-AA-3967-01A-01-BS1.0560afc3-3ad0-471a-afc1-c170875d8ab8.svs
63112adc-b10b-4d32-b1fe-84fb13e87c0b	TCGA-AA-3967-01A-01-TS1.f22d0cee-6c51-4f89-8e27-72fb26537808.svs
325ffce4-1a0e-4bcc-bfc3-1a9959c26aee	TCGA-AA-3967-01Z-00-DX1.b80c87c9-00f4-44f6-bc59-19d2b94942ac.svs
8d436468-3965-434a-b014-7279824352dd	TCGA-AA-3543-01Z-00-DX1.20129c52-157d-4d66-809f-d21694683c8d.svs
2b1c705c-dd14-4339-9832-9dee0912824e	TCGA-AA-3543-01A-01-TS1.7a42041f-1a49-4df8-bc23-226ca0538076.svs
a02c0560-9e02-4e4c-ba2e-62211f785c3e	TCGA-AA-3525-01Z-00-DX1.b6079f23-6ad2-41fb-885f-d7c68450c8d5.svs
3629f4ec-f0ad-4ad8-800e-75a7634f1504	TCGA-AA-3525-01A-01-BS1.b838a9b9-63b7-4e13-af31-08fab8776d50.svs
44e11aaa-0684-4fe1-b059-3e5530d6a419	TCGA-AA-3525-11A-01-TS1.2c2b314d-eeb2-42dd-92b7-952269a5ddad.svs
81549c45-204e-4e5c-a7fb-d2eb2fd55d2d	TCGA-AA-3525-01A-02-BS2.6e76b1da-12c5-423f-92ec-47a02afec158.svs
d0b98410-7e5a-49f6-a149-39b29434f256	TCGA-A6-2677-01B-01-BS1.D291C8BD-9AA1-4A11-B7B6-D8413280094B.svs
dcc94838-617f-4e8f-ba5e-e0f1c553df75	TCGA-AA-3552-01Z-00-DX1.84133d42-9a39-44b5-a1ec-a5382650c939.svs
14e3a846-e5dd-4e6c-bea4-0b06d7ea0113	TCGA-AA-3552-01A-01-TS1.3dbe54c4-2660-416b-9558-4537215eef34.svs
df6c9730-00de-46f8-bd13-db340a6235c4	TCGA-AA-3552-01A-01-BS1.52c87059-f829-43c0-93ab-a7953df24688.svs
e26276d0-bac9-4fb1-af94-718158145108	TCGA-AA-3560-01A-01-TS1.e28f2269-e4c4-4d22-8c8b-59c650db215d.svs
6d82626b-ca85-4a6c-ad54-487ed205edfb	TCGA-AA-3986-01A-02-BS2.875d87b2-3941-4c43-960b-ab762f3cdc5f.svs
c6b51918-0376-4697-b00d-5e4f294e4ea5	TCGA-AA-A00L-01A-03-BS3.2be0f129-18e8-47d3-a774-fa07faa9f525.svs
26320324-89df-48a4-90bf-cd30311e0548	TCGA-AA-3970-01A-01-TS1.0dd7526b-284c-4185-81a8-e9290edecb71.svs
6dd1fcad-9c3f-4f14-89da-d98a4742aa65	TCGA-AA-3970-01A-01-BS1.19a2f754-912d-4597-900f-9374deea4846.svs
487c4184-e8d0-477c-b8e6-f631f5f04cac	TCGA-AA-3844-01A-01-BS1.1b127c9c-04a1-46ad-9cd6-fe61ef67719f.svs
bffacf34-4942-496d-9c5d-d36294d80a9d	TCGA-AA-3844-01Z-00-DX1.bf88ce1f-0601-40c8-813e-4e3df51bd2f0.svs
2ae7fec9-d7a7-4a4c-b849-69625bbfdd26	TCGA-AA-3521-01A-01-BS1.2436a207-6b63-4314-9595-9df659071f34.svs
998d120d-443f-4a3b-97fe-6e9088c86366	TCGA-AA-3529-01Z-00-DX1.99453fef-afe8-4a43-a64f-df2d48ef9e55.svs
a035ba89-2d71-47f8-8e0f-fab20a863562	TCGA-AA-3695-01A-01-TS1.d3cac7a9-93dc-4f17-9e9f-ff8d3600d097.svs
6857d0bb-13ef-4fa0-a42d-ca33b5323b0e	TCGA-AA-3695-01A-01-BS1.32595f69-80cb-4681-b304-bb6ca4c15b37.svs
337025b3-97a6-4913-a4d2-3494f810884d	TCGA-AA-3695-01Z-00-DX1.be93a101-7b57-4140-bd82-86c65e65ca27.svs
033112af-2b7e-4e08-895e-7e78df941359	TCGA-AA-A022-11A-01-BS1.6a5f6ce4-52b6-462f-9fa4-3c485fa957d2.svs
012017cb-c598-4785-a99d-6da6363e16bc	TCGA-AA-A022-01A-01-BS1.7e34b755-24dd-45a3-8945-bb45b80a251b.svs
d450d18d-5bd6-4177-b1f7-a5bc7665466e	TCGA-AA-A022-11A-01-TS1.1357f43c-91d8-4f3a-a7f6-1188482f4213.svs
c10e5c0e-dc3c-4032-86ef-70a1a4f1195f	TCGA-AA-A022-01Z-00-DX1.2673F279-5DF6-4E71-92B2-A589DD8F583B.svs
0d89ed44-07b7-460e-9442-ac68743bd443	TCGA-AA-A022-01A-02-BS2.62ba75f1-0dab-4bc8-a31a-2527d2b11429.svs
214336af-d0a4-4a3e-9829-fdd2b6145599	TCGA-A6-2681-01A-01-TS1.99fd0faa-014c-43f3-bb45-677385e4f3c0.svs
006f83ef-d354-4295-84e1-ff363a4268c8	TCGA-A6-2681-01A-01-BS1.222c76ce-3ad0-4025-afbd-486d946848bd.svs
5956ad30-668b-4fce-986d-edb072a4aa6b	TCGA-A6-2681-11A-01-TS1.a05117d8-36a5-4b62-a80d-609c9b420ed9.svs
f7d4a000-4473-4d7b-9980-c495428eaa50	TCGA-A6-2681-01Z-00-DX1.5e11f090-a19d-4d5c-bcf6-c219b55d02bc.svs
99479c60-bc3c-46aa-b25a-4739fef18e84	TCGA-AA-3693-01A-01-BS1.0894de0c-c0ab-4e24-aeab-5e1ec25eda2b.svs
a25699fd-8f46-4d04-b855-204b4706f3f0	TCGA-AA-3693-01A-01-TS1.3caeb4c8-4c88-4f06-85c0-dc50ed8f0bfd.svs
9a36ae11-6455-424c-8a31-c63ac5c0f233	TCGA-AA-3693-01Z-00-DX1.0e18d1db-cdff-433b-a150-6c759c4dc3bb.svs
e2663d91-94f9-48dd-8680-3803ede25421	TCGA-AA-3984-01Z-00-DX1.d0cb7571-c612-4410-ac03-ebe800ad6767.svs
f2b5d4c5-3a7f-461a-a7a7-2ae8f2d83c27	TCGA-AA-3984-01A-01-BS1.76d10aac-a86f-4ba7-9158-a14822662d60.svs
0a98d41d-d467-4581-9b36-49570149888e	TCGA-AA-3984-01A-02-BS2.ea1f171d-2025-4efd-a9e6-27fff8e66427.svs
e783a4e7-7cda-48cb-9c82-a71d1c66f1c3	TCGA-AA-3532-01A-01-TS1.e546849e-9e7a-46a0-8f17-da314b67ddd4.svs
7402476f-a1f6-438a-89e2-dc263a8e3839	TCGA-AA-3532-11A-01-TS1.6fa6babf-9410-4ee3-952e-6747f5beb2da.svs
d22cced9-3126-4072-a418-5a3863df2b7e	TCGA-AA-3532-01Z-00-DX1.00c7a378-a7c5-4fb4-9f53-6197be81c2eb.svs
66b8a997-48d6-4e7a-b3e5-6fb6af2c9431	TCGA-AA-3532-01A-01-BS1.0dcc6ef7-d4a2-43ec-a7e8-612313c9011a.svs
ad65d486-5807-4730-a80e-c487e707ef9b	TCGA-AA-3848-01A-01-BS1.628aefd8-6784-416f-b410-143efeeeaeff.svs
c0f59ace-a92a-4f00-a1eb-dc22bc4471c3	TCGA-AA-3848-01A-01-TS1.196d6712-9850-4eaa-b9e1-3242cf64029e.svs
acf9470e-04dd-481b-9510-97a3a149f02b	TCGA-AA-3848-01Z-00-DX1.bb018b1c-7748-4865-b00f-42edc35b5047.svs
4d61da7c-6635-493f-a5e3-63397d834f6b	TCGA-AA-A00U-01A-01-TS1.dfe85cf5-054b-4988-a8aa-bba8bc0cdadf.svs
a60ef267-5d58-42e2-8d9f-db3d2605f912	TCGA-AA-A00U-01Z-00-DX1.E83A6B38-D472-482F-89D7-FF61FB589371.svs
b115e929-b4a2-4478-bc75-5f0799743ea8	TCGA-AA-A00U-01A-01-BS1.1135bc46-a82f-4107-b6df-65a15239323b.svs
7238988c-4b35-4916-af30-d5310d11542d	TCGA-AA-A00U-01A-02-BS2.a429971c-5176-484f-aa1b-d520ba919ebb.svs
cf213c6d-3805-45cc-a27e-69904a088a29	TCGA-AA-3549-01Z-00-DX1.2fe99d54-c61b-4867-bafe-efe4f291c429.svs
da2c1dca-6734-4242-aa79-7d6a69273fe9	TCGA-AA-3549-01A-02-BS2.b892a160-5828-4fcf-80d4-7671f995b463.svs
f72b69bf-cb6f-48d1-86a2-afed5d0a1f3f	TCGA-AA-3549-01A-01-BS1.eeab4b4c-0a32-45f3-a5fa-4e81412ea1a2.svs
1fc53d2c-1945-4964-8b4c-4358572c522e	TCGA-AA-3821-01A-01-TS1.3d67ff19-8a1d-4cad-bfcc-3d3c31288387.svs
b2cdcbeb-a7ab-4950-a41b-4747902feb56	TCGA-AA-3821-01Z-00-DX1.019b3b1d-5c05-4be6-af25-6ee63475897e.svs
59d404c3-5c10-40de-bbb4-93d465a79075	TCGA-AA-3821-01A-01-BS1.f6e30ce7-78fc-4375-8416-bd6135f3018b.svs
625ae478-a0a5-492b-8e8e-a0763008f960	TCGA-AA-A00Q-01Z-00-DX1.D427F78B-6640-400B-B8F8-B5568B1C4321.svs
a9b964b1-4c6c-4a6c-99b8-ed447f9d3318	TCGA-AA-A00Q-01A-01-BS1.ce2cf9f2-ac0c-4668-b8a2-aa6bab27f046.svs
3ad4d9af-c4d8-4606-bdde-32e534bbc8b5	TCGA-AA-A00Q-01A-03-BS3.1d0c9452-9cf2-4418-97d5-5428eee52862.svs
cf31c7ba-d4b6-4900-90c2-b0f0bfc3c077	TCGA-AA-A00Q-01A-01-TS1.92af8feb-140d-4f85-b861-fb9552462f14.svs
c6206c2d-4ebe-46f4-b722-afdc072cb7a3	TCGA-AA-A00Q-01A-03-TS3.2de5ebb5-a5fe-4305-9093-3cbbda389c4f.svs
6a00516b-dbb2-4500-a75a-b4684b658a1d	TCGA-AA-3872-01Z-00-DX1.eb3732ee-40e3-4ff0-a42b-d6a85cfbab6a.svs
ce5de123-d5f2-4a0a-8d8d-c3256682a82e	TCGA-AA-3872-01A-01-BS1.e29045b5-113d-4dba-b03b-ba2e0d82a388.svs
47efe75a-190e-4065-88ee-d8784fb2ce36	TCGA-AA-3872-01A-01-TS1.4f7d5598-e36a-4e30-9b7b-ab55cc6fc3a0.svs
0dfa0d23-ef3c-4e45-9a77-c855a3747ad5	TCGA-AA-A01S-11A-02-BS2.669c7f9a-b1c2-4c6e-9cb8-44a76fa45bc5.svs
bc3ee273-98da-409f-8eb7-90e6c8a0a16c	TCGA-AA-A01S-01A-02-BS2.6f1c5994-06c8-459e-b2aa-d530df765808.svs
a50c68f1-2030-4330-90d3-590856fcdf59	TCGA-AA-A01S-11A-01-BS1.aaf90c1f-543f-4fc4-bc59-81faae0ad6c7.svs
69142a85-9940-48c7-9657-7373d80142f7	TCGA-AA-A01S-01A-01-BS1.af5bdc07-72d1-4e3d-ac4a-fa0083cf4fe5.svs
fb848c34-7a87-4e1b-9e4d-be73ff8a6785	TCGA-AA-A01S-01Z-00-DX1.1F2812C1-9807-4D14-8071-3FE15236EB44.svs
4ea317f3-84ad-402c-9058-6907104f7034	TCGA-AA-A03J-11A-01-TS1.28ff155e-abda-40ca-9cd7-9df810fdba03.svs
ecc35c6f-7be4-4321-963d-ee7a854e2644	TCGA-AA-A03J-01A-02-BS2.354764c5-f3bc-4244-a92a-be809dbcf05a.svs
061cc963-a1fc-4cea-94bc-1b7c1f4ffd0a	TCGA-AA-A03J-01A-01-BS1.2483a10b-f6c4-440f-9a33-2ac39ef0e09d.svs
219576f3-3c71-44f8-a23d-addde6ef33dc	TCGA-AA-A03J-01Z-00-DX1.4E57E86E-ADEE-4837-9F91-E9CA141F7ACC.svs
086e8b63-e572-44c7-8f5a-d097eb6b2487	TCGA-AA-A03J-11A-01-BS1.b4e0ae15-77a4-4834-9788-af6c8ab01d90.svs
a3969b83-df28-48cf-9153-e455e43b4419	TCGA-AA-3812-01A-01-TS1.a7fe5a2f-9268-497e-84a8-7fe357f565ff.svs
a7275cfe-0717-4145-bba5-4fe56479b8d1	TCGA-AA-3812-01A-01-BS1.939e5f0f-00eb-4b14-bca6-ee182af13e77.svs
df7eff22-a7b7-470a-877b-c4cbbc7020fe	TCGA-AA-3812-01Z-00-DX1.c501fc71-8370-4034-b32a-1bb7cd846881.svs
401b7591-c98f-4e5b-830c-c916d3dd18ef	TCGA-A6-3810-01A-01-BS1.bdc129c2-3dd7-42d2-aaf8-5c518609e8ec.svs
e71bdb3f-e537-4afa-960f-0a0d75290852	TCGA-A6-3810-01A-01-TS1.995a75ce-07fe-4311-b774-c03c9394b440.svs
f7e6875e-7662-4acb-a18e-678feeca90d4	TCGA-A6-3810-01B-04-BS4.29E23893-F592-4369-9B09-CEA06A4CF67E.svs
70012428-8df8-4eb2-8d28-7d0b2a88d1d7	TCGA-A6-3810-01Z-00-DX1.2940ca70-013a-4bc3-ad6a-cf4d9ffa77ce.svs
3bf71492-b47c-4048-b67e-9163bf566d20	TCGA-A6-3810-01B-03-BS3.A7C6B755-37C3-4E01-9FA8-93787D9FB702.svs
060243fd-fb92-4b77-911a-6a785178dc2d	TCGA-A6-3810-11A-01-TS1.b729304b-9abb-4c03-a0da-efabd8d79587.svs
9998ff7e-2c75-4c7b-af2e-3d64a2dff90a	TCGA-A6-3810-11A-01-BS1.fbeb7126-094f-4213-a4e8-243c0b7fc398.svs
9158e34e-8866-4e37-9c29-ecd388d31f91	TCGA-CM-4752-01Z-00-DX1.ac26d5ca-f554-4766-a4c3-f90a8c327dd4.svs
67379156-3ba9-433b-9388-6101b8505bff	TCGA-CM-4752-01A-01-BS1.f2a5b69f-8c3d-4e1e-9873-7e8c0d492562.svs
78366120-a00a-48ac-b9e3-2ebae3d60f2f	TCGA-CM-4752-01A-01-TS1.ff462100-1964-4d48-b4d3-863d532930c3.svs
6fd5f709-bb47-4513-b542-75fcb913dcb0	TCGA-AA-3815-01A-01-TS1.ef986cd7-2012-47c0-be07-cbfa48171a42.svs
0ff1b144-c61b-4cdc-9e9e-9f873f96f53a	TCGA-AA-3815-01A-01-BS1.ecfbd39b-f241-41e9-975c-63674cfbe9f3.svs
35edf06a-803c-4aef-bdb7-5965b86f69e9	TCGA-AA-3815-01Z-00-DX1.d6823390-73c1-431f-b480-0954f4df8224.svs
ec6b94ca-bde0-4e7f-b7a3-80b05b5f9dce	TCGA-A6-3807-11A-01-TS1.e73c0645-13ac-43fd-b8be-05036fa31fea.svs
8e176cfe-6a85-4429-808d-af8e8e56e734	TCGA-A6-3807-01Z-00-DX1.c3de2064-4f8d-4786-9ff9-2e0f44293717.svs
924939a8-5520-4097-82b9-6c463455ec98	TCGA-A6-3807-01A-01-TS1.fc294d0a-285e-46c4-b896-938c254742ea.svs
167c5c0c-8893-4059-a3e9-872faa95b6f4	TCGA-A6-3807-01A-01-BS1.459a75fd-1975-4700-84ad-f7bb806c1fb3.svs
30c2f63b-450b-48c1-8c81-7ce89fbb99fd	TCGA-A6-3807-11A-01-BS1.31c26bf0-d481-4fed-8c69-306a30da2d91.svs
42139ce2-3e2c-4003-b85c-42f53a13b3eb	TCGA-AA-3837-01A-01-BS1.0e6224c0-cf59-4778-8f1f-1f931cb04202.svs
0b2e3164-ece9-4f4b-9d74-bcd51fe05a1c	TCGA-AA-3837-01A-01-TS1.7a9592ab-000f-42e0-9b0f-4a27bf3dbf65.svs
17cfcc8c-49a4-48ce-a5e1-4a3c582ce198	TCGA-AA-3837-01Z-00-DX1.5692e5c0-6dc2-45be-a5f5-00a907c5c824.svs
6dbd91bb-8389-46bd-8345-2d72d26db12b	TCGA-AA-3854-01A-01-BS1.029bc349-2bc8-4341-bdbc-d3ea16871fb5.svs
48872a88-1321-4ec3-8fd0-004c9eb5fa4c	TCGA-AA-3854-01A-01-TS1.cad3e626-7ae6-43bc-b227-9cc7eafb5e97.svs
de83ad59-f5cb-4bcf-bcf0-4d8f00002d92	TCGA-AA-3854-01Z-00-DX1.1564d865-6653-4be1-951e-ea9fab0102a7.svs
5f1b9f8a-647f-4baf-8d6c-cb1a5a16b361	TCGA-AA-3696-01A-01-TS1.5b0bd59d-f4ab-4cc0-b323-8b4414b67ff2.svs
38c8505b-bff5-43ea-8a8d-0911a84469e4	TCGA-AA-3696-01Z-00-DX1.947f2c09-dfe9-4fdb-bf1a-9bf46d67f617.svs
bfc74854-b37f-40db-bec9-d01d5595adc9	TCGA-AA-3696-01A-01-BS1.4b983d1d-03bb-489d-b0e3-12736a8a19ef.svs
d847d5bf-e32c-410f-8f36-62b0326b0710	TCGA-AA-3681-01A-01-BS1.57a28b19-4bfa-4bdd-8534-f32c583c9dbe.svs
88237eee-faf0-41eb-bc75-b89affd0c3cb	TCGA-AA-3681-01Z-00-DX1.576342cf-0f40-404a-b3c5-b33103f86777.svs
113372a2-180a-40bb-b0fb-7cbe6cec1190	TCGA-AA-3681-01A-01-TS1.0d64e99a-cd85-4aed-96c0-44abe0638a8d.svs
a8b0f094-f4cc-42d0-9168-41b5691765ff	TCGA-AA-A017-01Z-00-DX1.E7B1384E-3C57-4CE5-B85E-3B8FD328B5A2.svs
357db661-0a5a-4790-8bc4-d7a0763a2601	TCGA-AA-A017-01A-01-MS1.03861496-00c2-4c67-a8f2-e6fabd16e61f.svs
d13aa105-206b-4c82-9199-31c4fe5a3527	TCGA-AA-A017-01A-01-TS1.ee6a86b2-4a1e-4b92-863e-e68589fd82be.svs
0f0ea33f-360e-4806-9c69-72882179f464	TCGA-AA-3831-01A-01-BS1.f637edf0-7e48-4bc6-ac59-d5f99f44702f.svs
94098492-5d24-44cb-84b9-4765a66b48be	TCGA-AA-3831-01Z-00-DX1.0565c3fc-fe21-4b34-ae1b-626a46edaa9e.svs
c22f1879-94ce-4429-a581-57acc8264ff6	TCGA-AA-3831-01A-01-TS1.4b07ed6e-eba2-4b31-9091-f0794ea5f293.svs
3958388a-653d-449b-b3bb-268375a323de	TCGA-CM-4746-01A-01-BS1.c616c706-64c5-4081-82f7-9dfc0d82fd3e.svs
ed7c20f8-e2a0-4a07-baaf-5002433d8c0c	TCGA-CM-4746-01Z-00-DX1.c83b9795-bf45-4100-9052-a7e485e0f770.svs
f449cf75-7b84-45ad-ad71-472e218c5bad	TCGA-CM-4746-01A-01-TS1.6156fc21-ee06-451f-abb6-c7da36f92a87.svs
bf00f36d-e208-4a18-9720-23ffbf327ca4	TCGA-AA-3517-01A-01-BS1.d5e7c970-c7e2-4770-b598-ae763cb7b689.svs
3d647406-c436-457d-bc40-089ffe29d405	TCGA-AA-3517-01A-01-TS1.0f7ff349-2fc5-48fd-a8a8-6eb74a23ee26.svs
deaaac57-4ce2-417d-8f5b-ecd9d3303f94	TCGA-AA-3517-01Z-00-DX1.dac0f9a3-fa10-42e7-acaf-e86fff0829d2.svs
ed0e7509-8fea-480f-97eb-c3a1629996ae	TCGA-AA-3517-11A-01-TS1.b2204d3a-816b-48f0-97eb-1e64c8219214.svs
4df97024-2111-4a39-8949-b1c7c6de61b4	TCGA-AA-3518-11A-01-TS1.e323dc2a-d2a6-4e7a-86d4-265943170a71.svs
946be7e8-ea0a-4971-bdf3-9eb8899d13d0	TCGA-AA-3518-01A-01-BS1.9713a8ec-3319-4f91-9a8c-6635a4ac414e.svs
a12a71e8-194f-4925-ae61-2965aeeb30fa	TCGA-AA-3518-01A-02-BS2.01bd0e42-1a18-4989-8763-eec89a7b9199.svs
29b005db-4568-4685-8a33-7b0c331f6ae3	TCGA-AA-3518-01Z-00-DX1.5aad7b19-2900-4f1c-9312-f8d8c4725449.svs
b9afc2c7-c1eb-4bdd-b883-6f4423528c36	TCGA-AA-3678-01Z-00-DX1.4bc052e9-e5b0-4328-afe5-8d19fd2c386c.svs
2f5fe013-107d-4504-9f0d-5b913c7d575d	TCGA-AA-3678-01A-01-BS1.ea36c8b4-5640-4fd7-a15f-41c2c0c65686.svs
12614623-08e7-4343-968d-6943a572db90	TCGA-AA-3678-01A-01-TS1.46f3c8e0-ae27-4bfb-a1c2-871db0e826c2.svs
773fcccf-04aa-401a-9cfc-fc5f0f632bcf	TCGA-AA-3864-01A-01-TS1.d86de219-b9e8-4de0-b653-968238d1c552.svs
8db3d085-f23d-4270-a52a-cbf1e6296381	TCGA-AA-3864-01Z-00-DX1.f6992bc7-ba05-4c30-9500-8f7b07b30f9a.svs
e5a03905-871e-462f-acf5-ba2f4077392a	TCGA-AA-3864-01A-01-BS1.8b7f0f78-220d-48d0-bd0f-a5b88b03b3f1.svs
5c5928b2-a799-4159-b895-191ee8ebdba5	TCGA-AA-A00R-01Z-00-DX1.7520405C-E7DD-46A4-BB68-ADFA511AEA64.svs
5fff2393-9512-4b11-8ea2-39142b41143b	TCGA-AA-A00R-01A-01-BS1.d174c9a8-3d64-472f-8f21-7773f7f4e560.svs
c1707a5b-9667-477f-9ae9-7cafe8458c5d	TCGA-AA-3968-01A-01-BS1.f4bb9be1-4693-41a5-9c32-8abfa054ad72.svs
b6ee213e-a1cb-4018-a47a-89851494049f	TCGA-AA-3968-01A-01-TS1.f8c48456-a9e2-4a46-83e0-2208cbc65cca.svs
f14a4926-7285-4e18-bf48-5fd7f27c6823	TCGA-AA-3968-01Z-00-DX1.54b76478-a822-49b5-8286-dcbbb2fba2f8.svs
94eceace-42de-4085-b01d-2545ea5a4073	TCGA-CM-4748-01Z-00-DX1.e6307e86-29c5-4018-a94a-77fae9b08123.svs
9ddbf70d-1651-4668-8152-ee158b7e3b2b	TCGA-AA-3534-01A-01-BS1.ae54ab05-a85c-4bef-a5cc-d70e5d9adb73.svs
4a43e7b2-e38c-4b14-996a-589281e61262	TCGA-AA-A00N-01A-01-BS1.850cc0c4-3cbc-4299-8dc7-c65c84de5238.svs
b47a7445-1a54-41ed-940e-bebccd87288f	TCGA-AA-A00N-01Z-00-DX1.79D0A833-8411-486B-9BED-7B5E203D02F2.svs
17578d39-0a16-4fe2-b165-61bf4cf9500b	TCGA-AA-A00N-01A-02-BS2.e2aa021c-96a0-4043-bedd-b1a491c18266.svs
9b6800fb-bcbb-49dd-aaf6-67832d3b14cc	TCGA-AA-3680-01A-01-TS1.51d8bc5c-58ed-4adc-a1f9-5966a1444576.svs
9a40161e-5a91-43f6-94bb-d13d588f863d	TCGA-AA-3680-01A-01-BS1.64d0768a-2624-4d25-b1e2-03e027d0fd51.svs
d32f8922-be9a-4841-9131-7d966c18e27d	TCGA-AA-3680-01Z-00-DX1.9eef1b8f-c3c1-486f-83e7-a88182ce892a.svs
a65ca528-7fee-4bae-9d31-4a4d4d1ccb47	TCGA-AA-3818-01A-01-TS1.00cb0352-1377-4ad6-aa08-c3c1f1cc3b73.svs
d4227d07-af55-450d-a4b8-ca6e78cf104d	TCGA-AA-3818-01A-01-BS1.f5edf326-deec-4439-9f2e-27b47b6061af.svs
